"","target"
"1",3.42571558635622
"2",0.751349058299015
"3",2.12279837089703
"4",3.24955672174783
"5",1.87320155192101
"6",2.59383327471577
"7",1.42512225972419
"8",7.00118147664489
"9",4.26759164520791
"10",4.37328779803148
"11",1.52162314355904
"12",6.1625499852154
"13",2.10403607991956
"14",5.092936530452
"15",1.47147891196663
"16",3.23403870394959
"17",1.38902574901578
"18",2.39634143504403
"19",1.89021709461587
"20",2.42544882234672
"21",7.18465223363562
"22",6.16478846597242
"23",2.56243710263875
"24",7.62728964223145
"25",4.90417467312547
"26",2.06845389651645
"27",3.20057104072413
"28",2.07181805413551
"29",1.87838374438804
"30",1.52967228319466
"31",1.86338434490017
"32",2.26328445436651
"33",1.99537115867148
"34",1.86634239537468
"35",1.70813611234217
"36",3.72422432566164
"37",6.60075222643827
"38",1.92625139249025
"39",1.66825114436677
"40",7.12907191566983
"41",5.88651475971138
"42",4.7691978513336
"43",1.73592768621339
"44",4.67512605241025
"45",1.71029435836551
"46",2.07341326211977
"47",2.00608647308642
"48",1.92161361638442
"49",1.96467709402781
"50",1.78279628530184
"51",2.01022462503221
"52",2.0777924947018
"53",2.07181805413551
"54",4.8739119914607
"55",1.28458016646209
"56",5.45209298102064
"57",1.81566207582638
"58",1.81693569431316
"59",10.124265591586
"60",2.1613512223025
"61",1.91543102480378
"62",2.82105709616815
"63",1.26998516617098
"64",1.6508377296363
"65",2.74472873122348
"66",1.45726049895021
"67",5.09786908689286
"68",1.50547797980497
"69",2.78987996395073
"70",2.97821137651497
"71",1.4328632209859
"72",4.00612142740605
"73",1.63711560379827
"74",1.77462519567194
"75",1.51568197910312
"76",2.49552244561041
"77",6.84140447308173
"78",7.77561500806683
"79",5.26541475417053
"80",5.1866723418542
"81",2.58913899814883
"82",2.79574326080055
"83",2.03700986505913
"84",4.12598459309562
"85",9.66834567476271
"86",4.70440766150855
"87",2.0628804616454
"88",3.87772801540191
"89",2.62395654117301
"90",6.50039569391699
"91",2.20761832687673
"92",1.76518048755526
"93",1.71706470425275
"94",3.44514314303206
"95",5.61154289128561
"96",2.39035077395304
"97",1.72818904955728
"98",2.62632709823318
"99",2.13730600142654
"100",4.76104786028427
"101",1.84871412523496
"102",2.11737573572257
"103",6.94884960057323
"104",1.56599917065622
"105",5.84371314767692
"106",1.4228120673331
"107",2.07751360125661
"108",1.41725358164809
"109",2.50308579906034
"110",8.0621756513844
"111",4.56357279678831
"112",1.27909110083021
"113",4.05669690589226
"114",2.03895226361096
"115",1.9108742744564
"116",1.40049085540906
"117",1.731268894783
"118",1.16620005847993
"119",1.84733844680127
"120",1.86051981144116
"121",1.67305783341326
"122",6.79525972594399
"123",3.11714257711346
"124",1.44005810485796
"125",9.54365285855177
"126",2.0764768455659
"127",6.41630600796793
"128",1.58221636921095
"129",2.13203518589251
"130",1.98091207139565
"131",3.53642101620471
"132",2.49246135847493
"133",5.62697360845864
"134",1.80420314106022
"135",1.77449354713755
"136",3.63500298835711
"137",2.32131055425603
"138",1.29038769439512
"139",3.22878828745041
"140",8.14819163154067
"141",3.55830114208004
"142",8.38884336656005
"143",4.41964967249886
"144",2.12988482696141
"145",1.52006735549812
"146",1.49145447667951
"147",1.8388353693197
"148",6.74601580092644
"149",3.91343482587436
"150",4.89492484328035
"151",2.42533639387964
"152",5.21435868628137
"153",8.41214588245834
"154",3.99967133888774
"155",0.854164833053871
"156",3.34534713276494
"157",2.06826938892263
"158",2.90542526416947
"159",1.91409029149501
"160",1.41714608451107
"161",2.1630577988094
"162",2.20518351475734
"163",4.0126598192364
"164",2.49266672252026
"165",2.11960624712952
"166",5.64925889892856
"167",4.67580093299462
"168",4.00276193918772
"169",1.99198297353934
"170",2.06457220300596
"171",1.54659679571384
"172",2.9145581530166
"173",3.00538722619797
"174",9.7340772558118
"175",3.6624160851323
"176",3.59967096805987
"177",8.68188493226952
"178",2.29923715717946
"179",2.07181805413551
"180",1.64414658084952
"181",2.4263200623454
"182",1.62361186590495
"183",4.27358256596125
"184",1.76124363786028
"185",1.98465828106488
"186",2.05979258924836
"187",1.67223087638826
"188",4.1155489154589
"189",1.9015302573229
"190",1.67637882768638
"191",3.38291058399733
"192",2.05292071616995
"193",1.55678124944926
"194",3.60692503715951
"195",2.11879022235788
"196",2.22776398706425
"197",9.65762734815926
"198",3.68623158103394
"199",1.47002125264319
"200",6.19075863263104
"201",6.90028914284003
"202",2.0268752927334
"203",2.03895226361096
"204",1.74257499531542
"205",2.25167589298139
"206",3.46640277942484
"207",1.43150432610597
"208",1.63850324214336
"209",1.58560154215457
"210",2.43010717209541
"211",2.33681188487396
"212",8.66850143715908
"213",4.84701615874724
"214",1.62942490253794
"215",6.49547674290511
"216",1.82238854026355
"217",1.57513657039324
"218",1.49188118994214
"219",2.46702678602031
"220",2.04777474559021
"221",1.67342444488887
"222",6.81068454412709
"223",9.06618411296661
"224",1.8681577571141
"225",5.90527705068885
"226",2.40007828337307
"227",7.79479858366261
"228",2.25028147115048
"229",1.15808321128569
"230",6.17885383175356
"231",1.38191790881095
"232",3.50010109564737
"233",1.96194055477698
"234",4.29906326946877
"235",1.42191237307849
"236",5.79037133637153
"237",9.81857112783836
"238",1.42593138096224
"239",1.78249149328874
"240",2.17778099908633
"241",9.76694304633635
"242",1.85544683281014
"243",3.97840272086691
"244",3.69588050589177
"245",2.09523913654337
"246",1.98592343836628
"247",1.30004921402107
"248",2.01409381703153
"249",2.66071022569685
"250",1.37586521791405
"251",0.979006744976557
"252",2.67114131839957
"253",5.7114674804852
"254",4.22392619672726
"255",2.41221857169786
"256",2.04833296126487
"257",1.25017329102188
"258",9.76694304633635
"259",4.68186645972607
"260",3.76082015660974
"261",2.09058034511298
"262",2.17598384757436
"263",2.00608647308642
"264",2.1814235892435
"265",1.78674419719862
"266",3.92628193963909
"267",1.49564684298377
"268",3.04029558746365
"269",1.84719604917753
"270",1.25835527478633
"271",2.34401364351757
"272",1.81947182777695
"273",9.31486594336673
"274",3.14267264410171
"275",2.14663231628213
"276",4.05724446633606
"277",2.13372520169621
"278",1.75676402427709
"279",1.84609074033441
"280",1.87462331098824
"281",2.23311589771285
"282",2.39759553027179
"283",2.81632700884982
"284",2.31534735674462
"285",1.48387235247944
"286",1.80500693283548
"287",2.04760477147
"288",1.71706470425275
"289",3.36910700896315
"290",1.53790571795511
"291",4.30401430838387
"292",4.28527674356336
"293",7.21034405682405
"294",1.85504330207086
"295",2.26903121542689
"296",5.8334859344667
"297",2.00397484981014
"298",3.43707750865988
"299",1.47330216645643
"300",2.43421909394362
"301",2.45610621355926
"302",2.1218975856319
"303",1.71144883279025
"304",3.3085846821565
"305",1.72190374928173
"306",6.42078367090665
"307",2.0047475629488
"308",2.58674605937829
"309",1.83879991120407
"310",8.44198700620408
"311",1.85356385558355
"312",3.0946060495255
"313",3.49376780171962
"314",1.6387696311162
"315",1.60114781609343
"316",1.00871970207505
"317",6.26094208102214
"318",1.91353777302809
"319",2.0469511818636
"320",1.9570321124975
"321",2.14163185485825
"322",1.91138301656956
"323",2.34537693049848
"324",3.51284725684727
"325",2.00608647308642
"326",1.9492834839479
"327",4.05865682945425
"328",1.78279628530184
"329",1.12548047481094
"330",7.7340759435539
"331",4.47956908628634
"332",1.80498922381743
"333",1.51648478816186
"334",1.51742749625301
"335",1.97636206756529
"336",1.6841989137282
"337",3.03296625874908
"338",7.89397525831907
"339",1.93027634898052
"340",1.42953150446112
"341",4.2387994951634
"342",2.49891189939801
"343",1.31503887939967
"344",3.13517493642173
"345",1.82455716802573
"346",6.54796558018226
"347",1.03862264861671
"348",1.79272650599181
"349",1.67910639318013
"350",4.38171426897869
"351",1.81592723039504
"352",2.49070159525664
"353",5.45628442491119
"354",3.53290158649063
"355",8.23776542791973
"356",1.78618962417841
"357",2.34453428300218
"358",1.72542520708144
"359",4.82637199983779
"360",1.89677077490933
"361",1.73068734002398
"362",3.5125513952455
"363",3.07899983956301
"364",1.76095813667235
"365",5.30391804365949
"366",1.08193454472129
"367",1.59936491199441
"368",2.35259217717655
"369",2.05965695314026
"370",1.87863433767814
"371",7.2548423125766
"372",5.65867139354225
"373",3.98702954517209
"374",3.90244121587068
"375",1.4203799311346
"376",3.71822451192804
"377",2.51907717313059
"378",2.03953601788869
"379",2.54515635687204
"380",1.45706609712796
"381",2.00608647308642
"382",2.44354849554283
"383",3.57740605332029
"384",2.47689946093813
"385",1.87944313942501
"386",1.57196272164262
"387",1.65853915160761
"388",5.34926240571947
"389",1.80958152532876
"390",1.91669123156056
"391",5.62476879190651
"392",3.37692022017677
"393",3.93830849405872
"394",2.04099564583179
"395",3.5854400535641
"396",1.78279628530184
"397",2.35912562177978
"398",2.91194601517296
"399",2.84813549071654
"400",3.17077098474615
"401",1.8285761558238
"402",9.52954935900469
"403",1.52153957635114
"404",2.00297905180088
"405",2.03895226361096
"406",2.17399238479697
"407",8.69556777698173
"408",0.653521450459425
"409",7.33667981387156
"410",3.21855643771999
"411",2.23320754455307
"412",5.34861267398753
"413",2.00608647308642
"414",4.8878073247307
"415",2.89960260978487
"416",2.49884206269687
"417",3.17601901670547
"418",3.79860651195732
"419",2.70044502150143
"420",6.90171749975752
"421",1.90103515644135
"422",2.07391625099231
"423",3.22397325151109
"424",3.8554252849279
"425",1.56750967357304
"426",1.70420378176403
"427",2.03895226361096
"428",1.97930123305949
"429",2.89361992259337
"430",2.07638897749777
"431",1.02365220126704
"432",4.39855341402369
"433",2.02342700499666
"434",1.72584063230437
"435",4.41232840887019
"436",4.98836353237623
"437",2.02484876406389
"438",2.16092490934678
"439",1.63499892513771
"440",1.36264277775633
"441",2.29042390011697
"442",2.2031540909778
"443",4.76026163104035
"444",5.17237915386464
"445",6.65346549749707
"446",4.24289846248646
"447",5.39182455601272
"448",3.02500082953166
"449",1.18516098187234
"450",1.73776939378205
"451",1.72146044163335
"452",1.18667259027807
"453",3.51675345575338
"454",1.63082175473131
"455",2.98495223518878
"456",2.06133659032812
"457",4.59440099051108
"458",2.02731180210033
"459",4.30777998891309
"460",1.74654532183368
"461",1.37908123495266
"462",3.3750546021674
"463",2.0357197545263
"464",2.41005480495225
"465",1.49066454881377
"466",2.0764768455659
"467",4.39922650701388
"468",8.54880753541861
"469",3.61982906870219
"470",0.967677493722556
"471",2.89792946271784
"472",1.66332506829389
"473",3.71890338098877
"474",1.98055376740227
"475",1.36832015752739
"476",1.91475365261191
"477",1.27983712525897
"478",1.95432674305001
"479",4.2958554718061
"480",3.13992702054774
"481",7.79815729712364
"482",1.81566207582638
"483",2.60314579428643
"484",3.34253806231234
"485",6.22429912963342
"486",1.83577502988411
"487",2.25542739572995
"488",1.94167506445173
"489",4.24294151876517
"490",0.955437521988244
"491",2.97335704030523
"492",2.35028177540723
"493",3.14806628753105
"494",1.75576484477643
"495",2.0207106121181
"496",2.46664099213157
"497",2.60423552087184
"498",1.2051463995021
"499",2.26040498446735
"500",2.78381534713686
"501",1.05675033130915
"502",4.93111698361562
"503",1.6803958945616
"504",3.22951371162271
"505",2.132467971485
"506",3.78246080172304
"507",3.25167580723584
"508",2.04303260782189
"509",4.35373568503879
"510",5.82348912946173
"511",2.95604017904562
"512",1.58898671509819
"513",1.53896290212438
"514",4.0379163178923
"515",1.57883119626733
"516",3.51293216912869
"517",2.93015482133759
"518",2.07453444701407
"519",4.37347032506584
"520",3.07162745502745
"521",3.03510334049172
"522",3.91343482587436
"523",2.07181805413551
"524",1.98417291298751
"525",2.21635647094226
"526",3.99109666912697
"527",7.21144956307719
"528",6.74688403388879
"529",3.20242451660936
"530",3.19878077273884
"531",1.86309482652896
"532",3.34173528416633
"533",1.23944007948677
"534",1.4793051203662
"535",1.49038934352455
"536",2.01216702358404
"537",9.82051352639019
"538",2.06080656055848
"539",7.54158920142702
"540",9.83267462738544
"541",1.90748910151278
"542",1.96716114738881
"543",5.34639348797979
"544",1.84514269340731
"545",1.39791888547643
"546",2.22803679474997
"547",1.98126464693589
"548",1.58852925922614
"549",1.46160574449631
"550",2.15103265157322
"551",2.75290335695808
"552",1.84212055064245
"553",0.899558093084914
"554",2.03700986505913
"555",1.97322068256187
"556",3.90618488095981
"557",2.49776406783651
"558",2.53939340725029
"559",0.854298862047563
"560",1.28594469052326
"561",3.83878190273798
"562",1.74574811790664
"563",2.65109434314535
"564",2.55118284862937
"565",5.20722263447568
"566",1.85318665778132
"567",7.40140592058682
"568",7.68464353636162
"569",1.78887683579946
"570",1.72779941626197
"571",1.86487769119081
"572",3.7783889092791
"573",2.86381419555461
"574",1.55255622475842
"575",2.07436111129232
"576",2.09988878549681
"577",1.73809848637592
"578",1.4529553961362
"579",5.5332774461111
"580",1.9108742744564
"581",3.01311356770615
"582",4.29397108495881
"583",2.7779259663918
"584",2.03895226361096
"585",2.72364277402809
"586",1.83393743442187
"587",2.41191749578492
"588",1.62837877688814
"589",2.91746752635114
"590",2.21496454334205
"591",1.45295509089963
"592",1.86671682154236
"593",2.24158431579386
"594",1.87050617436701
"595",1.71165610699884
"596",1.46951549809024
"597",6.19160304318436
"598",1.97645319164654
"599",1.83567667148656
"600",2.68972891790414
"601",1.52171008189638
"602",3.84382915477596
"603",3.5115574930637
"604",1.37545777388497
"605",3.24642692764805
"606",2.62157179203306
"607",2.2200135752201
"608",1.82315188091888
"609",1.17639592770156
"610",1.5766774735225
"611",8.76856333918652
"612",1.57521368380615
"613",3.97159971438733
"614",4.73428751476338
"615",2.05292863790215
"616",3.96811322430483
"617",2.81607040546273
"618",3.15606995795416
"619",1.90893187590457
"620",5.65071496226748
"621",2.03248670973683
"622",2.0445834889747
"623",3.1423785170573
"624",3.42527455658849
"625",4.23318061955614
"626",1.93675660356141
"627",3.14736653231071
"628",3.81658077217643
"629",1.44703738412772
"630",2.89573096116905
"631",2.07718772509952
"632",1.51766027791116
"633",4.46579697811826
"634",9.54365285855177
"635",2.39807461024713
"636",1.6112956731557
"637",2.30979187750594
"638",4.66904815620978
"639",6.43349416850681
"640",2.312685296916
"641",9.8560957097933
"642",2.07965076313596
"643",2.00608647308642
"644",3.01272709137592
"645",1.73352478698568
"646",1.29096390185841
"647",2.09986096388468
"648",2.4286071245922
"649",2.06573750363789
"650",1.16618612867957
"651",1.67457891931361
"652",2.09753980205373
"653",6.68197303441175
"654",1.6827211942115
"655",2.41979991554481
"656",1.94035489203733
"657",3.14985472369192
"658",3.0183405013631
"659",1.45736775416654
"660",3.4340058307547
"661",1.79696289964203
"662",2.86936677737183
"663",6.65256390462868
"664",1.78279628530184
"665",7.86224565694543
"666",2.11516744680737
"667",2.52284282328626
"668",2.37882183259395
"669",2.85057452457561
"670",4.61446426923908
"671",4.46961687949337
"672",5.04229720651528
"673",1.73973156963615
"674",1.63384445071297
"675",1.83533000966497
"676",1.78040575976727
"677",1.59047611286689
"678",3.33454946338037
"679",2.28151249727122
"680",2.00608647308642
"681",1.94035489203733
"682",1.78279628530184
"683",2.13211312094241
"684",2.90561132084117
"685",2.02541832343083
"686",6.84093236129234
"687",1.50860478548161
"688",7.32554687427408
"689",2.24226951595888
"690",3.38405902760682
"691",1.83321393192963
"692",4.34674949168005
"693",2.9115406425295
"694",1.96250235595842
"695",1.70537518603044
"696",3.68709035399358
"697",8.14292748373677
"698",3.06038014912369
"699",3.39795777484501
"700",6.04278940039071
"701",1.78735252583478
"702",1.91698007087127
"703",3.36783339047637
"704",2.45546298108053
"705",2.03895226361096
"706",1.74316014889006
"707",3.26159237186291
"708",2.14742950712475
"709",2.05771455458843
"710",1.821897041313
"711",2.66057376650307
"712",1.78862046495186
"713",5.10580419184439
"714",2.00608647308642
"715",1.93080714838686
"716",4.01375830489843
"717",1.46003584484864
"718",2.09008055555209
"719",5.68951269507353
"720",1.98824020224357
"721",1.40134189432927
"722",1.43471343940677
"723",7.30226973505762
"724",2.16441577398437
"725",1.54950587361049
"726",2.54749196357792
"727",2.47694721218817
"728",2.5936139076254
"729",1.79376796674742
"730",2.45362845984158
"731",1.43510880443644
"732",1.99618554711999
"733",2.18681069272832
"734",1.56693833504587
"735",1.45752355300001
"736",2.48685876043805
"737",1.44503902512641
"738",2.18660101928655
"739",4.03468959379932
"740",4.13566044058637
"741",0.99930993908329
"742",1.82182230198262
"743",1.5216432037523
"744",1.23115860033358
"745",3.64567060952395
"746",3.86329012081443
"747",1.88214663587764
"748",5.76239633676046
"749",5.75843677055682
"750",2.72864249264669
"751",2.54600912940664
"752",2.08590555402764
"753",1.56540951091602
"754",1.38414152180562
"755",4.47753124891754
"756",4.42191200260971
"757",2.0255596435975
"758",2.00427971064268
"759",1.95665414497836
"760",2.94967397798522
"761",2.29740135136826
"762",3.39392883511368
"763",1.21445803375638
"764",3.9824445343514
"765",1.60613707577886
"766",2.04751609494658
"767",2.05010456013449
"768",1.69404198570475
"769",8.17668287303183
"770",1.70761999613607
"771",2.19716451487402
"772",1.32808190471717
"773",1.72510928469917
"774",2.7825134422767
"775",1.76996640424154
"776",3.0603518229702
"777",3.93484936167787
"778",2.07181805413551
"779",4.84562350199176
"780",3.47533179358416
"781",1.57440765623497
"782",3.3204788848385
"783",1.65260674169044
"784",1.34545466601849
"785",1.51608186741128
"786",2.97030696480128
"787",9.67173084770633
"788",1.99198297353934
"789",2.07466609554846
"790",1.31321639825478
"791",2.02735311519609
"792",2.06820054167433
"793",2.84350207714584
"794",1.89756438728873
"795",4.12954952763755
"796",1.99146233405474
"797",1.78279628530184
"798",1.14489743426671
"799",1.22956256666918
"800",1.99612112548513
"801",5.94339328606015
"802",2.10869740267896
"803",5.28222721611705
"804",4.65126534870178
"805",1.21730750049734
"806",2.46733613783227
"807",2.08255739606352
"808",1.71833832273953
"809",2.27828722092306
"810",2.172536804885
"811",1.87194894875879
"812",1.50455602668418
"813",2.09989792797377
"814",2.1313545613898
"815",2.31619085688264
"816",1.75025673243965
"817",7.20356819914961
"818",3.83349016326744
"819",3.37436253804248
"820",1.63166498422515
"821",1.65304660762069
"822",1.84514269340731
"823",1.9920039888639
"824",2.89145056467472
"825",2.78993552027099
"826",3.8613382195944
"827",1.97221887199608
"828",4.36636071648934
"829",3.85185210382541
"830",5.52104308322517
"831",7.16816350032116
"832",3.21768778209859
"833",9.70459663823087
"834",2.04503281410858
"835",7.68067465782128
"836",7.41144366884839
"837",2.75283163000505
"838",1.84514269340731
"839",4.47904986301934
"840",3.1150731682374
"841",1.74275722101204
"842",3.52557379380819
"843",1.26959386986823
"844",2.68098091094914
"845",3.54125794431568
"846",1.78603331766501
"847",9.83267462738544
"848",1.8544602762681
"849",1.82417952277355
"850",1.64429549267394
"851",4.59459799563231
"852",2.57087388771707
"853",1.64672448763187
"854",1.32528556972489
"855",1.91703056270576
"856",3.25917035735394
"857",2.47558702231236
"858",2.84122729775519
"859",1.74993049477729
"860",1.99683200501874
"861",3.1773641489967
"862",2.78124392841436
"863",1.50872209769234
"864",2.16594459523099
"865",3.22004392455755
"866",1.98190448994418
"867",4.98306262843148
"868",4.2161051094464
"869",6.20884935993997
"870",1.35600568751788
"871",2.7483793206004
"872",1.8747252621361
"873",5.25146019737807
"874",1.9457455783259
"875",6.01785079655368
"876",1.63225927445563
"877",4.19346673906483
"878",4.97437187421505
"879",1.82032086725678
"880",1.6764192179912
"881",1.52335285442138
"882",7.65382645574793
"883",1.86051981144116
"884",1.48800437403232
"885",3.8424189273229
"886",1.84717695550998
"887",1.96250235595842
"888",2.50541302826779
"889",1.92044973543782
"890",2.02394312120277
"891",6.08366487134757
"892",4.22233089440348
"893",2.75100223549385
"894",1.7048241149046
"895",1.96576040364615
"896",1.5140777105749
"897",4.281735768995
"898",1.7889959798615
"899",1.71833832273953
"900",2.59894115326158
"901",1.99641336156934
"902",1.95128447401435
"903",2.03895226361096
"904",2.65412570260705
"905",2.44823031571969
"906",3.55896662203208
"907",2.76805306055505
"908",3.72716579123534
"909",2.03895226361096
"910",2.6902832545616
"911",2.71096280820243
"912",1.13242467215239
"913",3.99641482264545
"914",1.88430655849647
"915",2.04958549560765
"916",4.14247621670077
"917",3.39131559809136
"918",2.29054907514023
"919",2.04503281410858
"920",1.92963656543387
"921",9.51364777930658
"922",2.18960753794062
"923",1.94851800047338
"924",2.03895226361096
"925",2.93311675848008
"926",1.68359571111264
"927",1.47507540910326
"928",2.10131968704099
"929",2.36369359492707
"930",1.67716128319848
"931",6.01709732066602
"932",3.77149638374464
"933",3.31976389086471
"934",1.9486311959289
"935",1.3486935491826
"936",2.71358505444906
"937",1.38118489672385
"938",2.07804141650162
"939",1.89340661729027
"940",2.41688806935806
"941",5.86307852316111
"942",2.07181805413551
"943",6.48755313781019
"944",4.87898267569412
"945",7.91431245904416
"946",3.69546150253086
"947",2.99626818481308
"948",5.70281315873647
"949",5.53212439388813
"950",1.94035489203733
"951",1.69799205004515
"952",2.94269418783264
"953",2.0094908700153
"954",6.90048458581024
"955",3.36752483317436
"956",1.025650988694
"957",4.54503003145521
"958",5.92088679559885
"959",1.14556621433176
"960",1.57902054064669
"961",5.13309555010034
"962",3.92467509692335
"963",1.42030890788731
"964",1.63425284987334
"965",2.81263997487717
"966",3.31294777286559
"967",1.40300289665187
"968",2.05771455458843
"969",2.29707649707106
"970",3.92466118079916
"971",2.65430598538444
"972",2.34707516046883
"973",6.22188408936473
"974",1.26156135282169
"975",6.01516292866828
"976",3.44481972564698
"977",2.26705411058074
"978",4.22634310345022
"979",9.51078706802722
"980",1.91695482495402
"981",1.91395465538692
"982",0.970370021180235
"983",1.83103919386024
"984",5.41928598336501
"985",7.71077904111917
"986",1.94374006498095
"987",1.54602716007288
"988",1.60992374414505
"989",1.84514269340731
"990",2.13553060321137
"991",2.04503281410858
"992",1.87606608538002
"993",2.61594109783678
"994",1.99146233405474
"995",2.2018427296366
"996",4.83513994416206
"997",2.92702688990408
"998",1.9465881063939
"999",1.99506071435007
"1000",1.62780271075552
"1001",1.49236957776369
"1002",2.24469912896286
"1003",2.00832671210195
"1004",6.1863374787025
"1005",3.20610446619405
"1006",6.39361455766696
"1007",6.84213785172254
"1008",2.03030856844874
"1009",1.74814563231062
"1010",4.23193412725603
"1011",1.75424382005404
"1012",2.24750736806394
"1013",9.78896338500155
"1014",1.6917305780346
"1015",2.08452533321842
"1016",1.83815334905552
"1017",1.75120411326407
"1018",2.31475706873418
"1019",2.08126728553069
"1020",2.07947388015849
"1021",2.06237334601883
"1022",1.21282399536486
"1023",1.88099215349879
"1024",1.82404415122983
"1025",2.67066224029229
"1026",1.19637065323687
"1027",4.40948090316203
"1028",1.6247800409079
"1029",1.19195014993055
"1030",1.99521548262401
"1031",6.49090705063371
"1032",1.91681191909683
"1033",8.16668791648111
"1034",2.00608647308642
"1035",3.14128386017678
"1036",1.74148171567801
"1037",6.04332513424606
"1038",1.40569750086097
"1039",4.09879990288406
"1040",3.97321041995806
"1041",9.43318144792764
"1042",2.83699643236881
"1043",8.31405390325745
"1044",1.65761944266237
"1045",2.66148772382052
"1046",7.63851787834078
"1047",1.91695482495402
"1048",2.56751075684547
"1049",1.60315339825782
"1050",2.2758837278852
"1051",2.09058034511298
"1052",5.04782264901877
"1053",3.34470485438309
"1054",1.80350097483114
"1055",5.56462720035317
"1056",2.33506747799337
"1057",5.66712251684762
"1058",2.62955404142185
"1059",1.63722962365658
"1060",1.99198297353934
"1061",1.64456277731642
"1062",3.35315812542868
"1063",1.45425609879042
"1064",1.38863115733101
"1065",1.6164689736778
"1066",2.06104678385806
"1067",2.3029176285394
"1068",3.62350914160008
"1069",2.74147260826745
"1070",8.78821240043906
"1071",3.6783994161859
"1072",1.94037590736189
"1073",1.76220897754184
"1074",2.14270255211135
"1075",3.30567223171594
"1076",5.92403934166632
"1077",2.6191058205727
"1078",3.06115075495291
"1079",0.976008955868756
"1080",1.49950282535542
"1081",4.75867660135758
"1082",1.77659368615712
"1083",1.59397597478362
"1084",1.65780623279871
"1085",2.35049550765137
"1086",2.63007974868534
"1087",1.85714862775955
"1088",1.79767772321799
"1089",2.17377868765855
"1090",5.5435074843851
"1091",1.21928579930539
"1092",2.12097719170441
"1093",1.66671024123751
"1094",1.38465870876836
"1095",3.50271187422295
"1096",4.10790182085642
"1097",1.30575785053785
"1098",1.90748910151278
"1099",1.95665414497836
"1100",3.13743875887954
"1101",2.87047755643705
"1102",2.37724549358113
"1103",2.93462845552718
"1104",2.39063089026132
"1105",2.03895226361096
"1106",1.87800848393186
"1107",2.4243700121502
"1108",5.53602619014481
"1109",1.76211587061023
"1110",7.11784892035081
"1111",8.00808556518926
"1112",3.60066213255576
"1113",2.5322557976469
"1114",1.59136056557405
"1115",3.21119465843123
"1116",6.60263836537889
"1117",1.52371981308422
"1118",1.85174370160314
"1119",1.87119514290641
"1120",1.87933806286811
"1121",1.56846453502987
"1122",2.31662043844559
"1123",3.67037572936848
"1124",0.979238902707726
"1125",1.47380894496012
"1126",2.93638167180947
"1127",3.45790576264724
"1128",5.34177141284081
"1129",1.93362205352071
"1130",1.41271411606613
"1131",3.50579206251253
"1132",3.66651376179083
"1133",1.97930123305949
"1134",4.05482691375075
"1135",5.10200942494533
"1136",5.72557098003228
"1137",2.16297623093742
"1138",6.89731730532195
"1139",2.30695414829995
"1140",1.74654532183368
"1141",7.59584092903614
"1142",1.85753613392012
"1143",1.6270170090667
"1144",2.24366164658997
"1145",2.87478392236609
"1146",1.58052714371485
"1147",4.49440329073756
"1148",1.93710710545179
"1149",2.59827996521191
"1150",7.04731718457953
"1151",5.53059340438768
"1152",1.64887145826179
"1153",2.19723946032438
"1154",2.29120478965148
"1155",2.15295708662139
"1156",3.24993309152074
"1157",2.18826589887707
"1158",2.09058034511298
"1159",3.00377304085936
"1160",2.17872680280838
"1161",1.95626914160184
"1162",3.05422329945639
"1163",4.38854357376681
"1164",3.5280732793124
"1165",1.82697527243078
"1166",3.1922328960332
"1167",1.80498584869149
"1168",9.66694493102005
"1169",0.954818571979765
"1170",1.93556897535105
"1171",2.63506865448134
"1172",2.5679862507869
"1173",2.82807540227562
"1174",1.24851142807759
"1175",1.64625890655033
"1176",4.09059351337092
"1177",9.79980883686089
"1178",1.90748910151278
"1179",1.96402676740342
"1180",3.09541511039175
"1181",3.84770324482527
"1182",2.31810604089757
"1183",1.70341959671484
"1184",3.96502952839549
"1185",2.94569940202169
"1186",1.49785476388534
"1187",5.78955131218722
"1188",1.38394540196955
"1189",1.40235435856647
"1190",2.10622216607869
"1191",6.83869626669873
"1192",1.78280352956108
"1193",4.69767139603128
"1194",2.07181805413551
"1195",3.97281862861328
"1196",1.65599191463405
"1197",4.90956805015202
"1198",9.83267462738544
"1199",1.92963656543387
"1200",1.34823609331055
"1201",2.05396140601916
"1202",1.73972037891773
"1203",4.83427770969559
"1204",1.30964438263517
"1205",6.75428701185959
"1206",3.64275165976296
"1207",2.44780197777487
"1208",3.12479234719609
"1209",1.26547942603573
"1210",0.969248490975587
"1211",2.88264673461662
"1212",7.3697420800995
"1213",2.21318255337221
"1214",7.46930991841897
"1215",2.56358579207179
"1216",2.18439180000033
"1217",2.83674051121735
"1218",1.59479744637432
"1219",5.91189272293526
"1220",4.70082390639608
"1221",3.13247312430344
"1222",1.27388267339679
"1223",1.94501368346772
"1224",1.60138015561099
"1225",1.61023313002838
"1226",7.41523347359155
"1227",1.89700311442689
"1228",4.09521894967614
"1229",5.09134735964216
"1230",1.97697383113115
"1231",2.8835183011202
"1232",1.56609844534654
"1233",2.76770708642672
"1234",3.18993038579405
"1235",5.07992710026663
"1236",1.75974680612849
"1237",3.64576030534828
"1238",1.81227690288277
"1239",3.09891564745018
"1240",2.01494783809746
"1241",1.67135492108115
"1242",6.26204360475744
"1243",2.03895226361096
"1244",3.54935442973435
"1245",1.85572543356951
"1246",9.58549608602259
"1247",6.04393938280016
"1248",1.7960869950939
"1249",5.59342350430426
"1250",1.81250924240033
"1251",1.94065027307954
"1252",6.66390473528311
"1253",6.39503762012927
"1254",1.82998323839902
"1255",2.03947290309557
"1256",4.7185807102104
"1257",1.49797585202651
"1258",2.00322348064232
"1259",1.41425501919539
"1260",2.20571721997723
"1261",5.45037006589685
"1262",2.68910006160367
"1263",1.93036006792611
"1264",1.35800404651919
"1265",4.56017028669299
"1266",3.17612628508742
"1267",1.91233813299218
"1268",2.91312687748773
"1269",2.19854079660412
"1270",1.33403350989471
"1271",3.42004057754855
"1272",1.81514738494829
"1273",3.87836199285703
"1274",2.81766298714117
"1275",6.98452304380314
"1276",1.88432137394704
"1277",1.84984774607952
"1278",2.09058034511298
"1279",5.09684055465582
"1280",2.21751331145448
"1281",3.10240065049565
"1282",3.66360179558599
"1283",5.89650478860923
"1284",7.01994000295441
"1285",5.40029824773044
"1286",2.11879186748563
"1287",3.80803262698313
"1288",1.49638781160761
"1289",2.05486651317548
"1290",3.07071505678267
"1291",4.20572615298091
"1292",1.69998205046313
"1293",2.45057252974419
"1294",1.99720443510347
"1295",1.60114781609343
"1296",2.32858996061811
"1297",5.20345467035885
"1298",3.47896793826456
"1299",2.20272442588703
"1300",1.45775557901122
"1301",9.79980883686089
"1302",2.04361105504136
"1303",7.62015365776825
"1304",1.28859994769074
"1305",1.64877243642127
"1306",4.6592214194066
"1307",7.63842559296298
"1308",2.14059642749876
"1309",2.04826984647176
"1310",2.2033179541715
"1311",1.90554670296095
"1312",3.89744276142376
"1313",2.93324002235007
"1314",1.37956002557454
"1315",3.51983582497587
"1316",6.01145371236861
"1317",1.54726003955413
"1318",1.28746553345926
"1319",1.41958169502119
"1320",2.16438106312786
"1321",3.92258363134028
"1322",2.04645306208582
"1323",1.19846791432056
"1324",3.69100373466008
"1325",4.8232017938219
"1326",1.86051981144116
"1327",2.96008744375614
"1328",2.10037327051819
"1329",1.04720136406209
"1330",1.38032788950837
"1331",2.44863183208702
"1332",7.86296915943767
"1333",5.62287034716194
"1334",9.64132809521823
"1335",1.6846844263015
"1336",4.70793427199391
"1337",3.23353551824662
"1338",2.09989792797377
"1339",1.60743861332801
"1340",4.35373568503879
"1341",6.38503736269931
"1342",2.75137874345885
"1343",2.06092634103436
"1344",2.19635078098429
"1345",1.34864542003744
"1346",2.5100795955771
"1347",5.28064640247458
"1348",6.38833075649564
"1349",1.49246737818448
"1350",5.42787889619282
"1351",1.45543301386773
"1352",3.93002237878243
"1353",1.76869278575476
"1354",3.72054160558618
"1355",4.5565090482888
"1356",7.76841079916545
"1357",1.73197178669943
"1358",1.82987078963514
"1359",7.55329606495616
"1360",7.37693189884609
"1361",1.65969362603235
"1362",8.18476166661795
"1363",1.77410003290883
"1364",2.65532850791916
"1365",1.07256466323539
"1366",1.70586152812365
"1367",4.0928113090081
"1368",2.86304350824535
"1369",1.95420956002078
"1370",2.61208391731522
"1371",6.73087211406
"1372",1.40680473750105
"1373",1.67227015225052
"1374",1.41203920560817
"1375",5.46652645166508
"1376",3.24836217346842
"1377",2.00608647308642
"1378",1.43831449951128
"1379",1.63202950142558
"1380",4.97735716370107
"1381",2.33507646231787
"1382",1.2073163052189
"1383",4.61686819323271
"1384",6.33359850013512
"1385",1.69708351721568
"1386",1.3721352822789
"1387",2.77047692287388
"1388",1.65204121559348
"1389",1.85318665778132
"1390",6.33783594454528
"1391",5.91324432070509
"1392",4.43209229753843
"1393",1.52449784394501
"1394",1.18407611480644
"1395",1.8712940984941
"1396",6.14756183461777
"1397",2.52019676676604
"1398",6.61550285819987
"1399",1.44108228987144
"1400",1.9654484140313
"1401",1.33148941215863
"1402",2.14078666754777
"1403",4.84427028773188
"1404",3.10042486763466
"1405",2.08788139658063
"1406",8.92789645398856
"1407",7.7468938224277
"1408",2.28329637193802
"1409",2.89963970243685
"1410",1.75458928620769
"1411",1.50570882580494
"1412",5.7550515976132
"1413",3.24581002315792
"1414",5.57423542279619
"1415",1.58414483796242
"1416",9.52277901311746
"1417",1.92653946858501
"1418",2.16009440169105
"1419",2.72254247478383
"1420",1.7105677734009
"1421",1.64527949133768
"1422",1.45719945308479
"1423",2.06573750363789
"1424",1.53570410265916
"1425",5.03059402179023
"1426",5.51005268525664
"1427",3.45580994009852
"1428",4.1041986151861
"1429",5.5533573346303
"1430",3.8474709053077
"1431",3.83219900153553
"1432",1.3784055511498
"1433",4.51194847850902
"1434",3.73293823569399
"1435",1.89971950730545
"1436",2.12354863818861
"1437",5.30083392765007
"1438",1.83583105915303
"1439",1.48399245167277
"1440",3.04235459175633
"1441",3.3919517210292
"1442",4.04622749836254
"1443",1.71421666283979
"1444",3.68848738557843
"1445",3.17958610178152
"1446",2.70643632213858
"1447",1.76538290832684
"1448",2.76835586283651
"1449",1.64692768661539
"1450",7.38340679014833
"1451",1.85174388338954
"1452",2.04503281410858
"1453",3.97815756050029
"1454",3.85784915921916
"1455",2.05703012182386
"1456",2.32100220914392
"1457",2.17155559979561
"1458",2.68268225692961
"1459",1.31925223644427
"1460",6.57200388774923
"1461",4.99426443241311
"1462",6.62941615143531
"1463",1.9591171830148
"1464",1.83411103763821
"1465",3.5857437271806
"1466",1.89461490582023
"1467",2.04355517997071
"1468",2.55623778997797
"1469",8.60758763885825
"1470",1.3481606622034
"1471",1.84933682512695
"1472",2.10816408115724
"1473",6.46981581826395
"1474",1.90575297931026
"1475",2.64317497422613
"1476",3.7514649975589
"1477",2.88414463534533
"1478",4.14295097767005
"1479",2.87882608081424
"1480",7.00097880726668
"1481",1.64355587074331
"1482",2.00608647308642
"1483",6.43592505630818
"1484",1.30364782944215
"1485",4.34867382044071
"1486",1.4088090769828
"1487",1.99815315104636
"1488",3.45070210050517
"1489",3.846318851015
"1490",8.42103441655167
"1491",1.34592101406816
"1492",2.80688906909644
"1493",1.40572631559298
"1494",1.535935023728
"1495",1.96850593125342
"1496",1.84980148483771
"1497",5.02855606098496
"1498",4.16914941449651
"1499",2.23794231746834
"1500",2.5802592212368
"1501",2.45174172142959
"1502",2.03895226361096
"1503",2.13708812932813
"1504",2.37169144383392
"1505",1.87800848393186
"1506",5.90527705068885
"1507",1.78745507673223
"1508",1.52307682351957
"1509",1.68882180490238
"1510",2.96362782560583
"1511",5.7248215277793
"1512",1.49176109074881
"1513",4.88335326885459
"1514",3.74155734064577
"1515",1.66642194127047
"1516",2.39142761346752
"1517",6.71189753507834
"1518",5.54607918676772
"1519",6.06655393178228
"1520",3.13811083526776
"1521",7.72943687231593
"1522",1.91110661397396
"1523",5.26870441918392
"1524",1.68447562889158
"1525",2.52541368439771
"1526",1.70267290473863
"1527",1.13517853776974
"1528",1.81703962839725
"1529",1.19960155520713
"1530",3.66214293575721
"1531",1.99198297353934
"1532",1.80889172993915
"1533",3.7286660182375
"1534",5.68480711428677
"1535",6.97579374164401
"1536",9.7340772558118
"1537",1.96339097106868
"1538",1.92378835445381
"1539",5.32094408296765
"1540",6.1603846774903
"1541",2.49952788120713
"1542",1.38149935894247
"1543",3.73071954250716
"1544",3.64037083091814
"1545",1.83702729049455
"1546",1.89834859293385
"1547",1.82420566436044
"1548",2.87155122926807
"1549",2.328446859857
"1550",2.74923660698767
"1551",1.44950012876204
"1552",2.00608647308642
"1553",1.93676364663697
"1554",1.60705921068604
"1555",2.9477183859111
"1556",2.27566155842179
"1557",2.80944045332334
"1558",1.67100105704225
"1559",3.29695423318529
"1560",5.6240507183538
"1561",2.92224265924273
"1562",1.821573470419
"1563",1.61615838382963
"1564",2.86938542212946
"1565",1.86983287102345
"1566",1.61455449418834
"1567",1.81566207582638
"1568",2.04361105504136
"1569",2.34338868602644
"1570",2.33754462993117
"1571",2.01062754578278
"1572",3.9869531205161
"1573",4.64339760465336
"1574",2.20042600085306
"1575",1.70912143086191
"1576",2.49204334319927
"1577",1.77124002272832
"1578",1.97865934973447
"1579",3.16275247554378
"1580",1.82715439675657
"1581",7.20185381276464
"1582",5.79117543582548
"1583",3.16132746696131
"1584",1.66511658292485
"1585",1.83103919386024
"1586",2.94406483441854
"1587",2.03895226361096
"1588",2.93281732745283
"1589",1.84140937180713
"1590",4.21550143867305
"1591",6.79681269236372
"1592",2.00608647308642
"1593",2.15437183100216
"1594",1.88070386148586
"1595",5.5109299938276
"1596",1.90676239164908
"1597",2.02478876462124
"1598",3.3985691216874
"1599",2.85171373177441
"1600",2.72028801355869
"1601",1.98610528604935
"1602",6.68325697047864
"1603",2.11940566259085
"1604",2.23063951016549
"1605",5.74344879715389
"1606",6.04204637017376
"1607",1.72905664934298
"1608",9.76694304633635
"1609",1.56021928055226
"1610",1.36759276158979
"1611",5.37531319685305
"1612",6.49827146441365
"1613",1.27758428495288
"1614",2.01477022100708
"1615",2.61867533797157
"1616",2.23670124126792
"1617",2.1673621869761
"1618",1.93660573104176
"1619",3.75747736755279
"1620",2.72483203712424
"1621",1.93948674738817
"1622",2.44688741628238
"1623",4.148334207636
"1624",1.64442952166763
"1625",2.04225177572287
"1626",7.23341834691065
"1627",2.54795951422394
"1628",7.29785965839375
"1629",2.12971008948
"1630",3.6760411385427
"1631",6.07906131175114
"1632",1.51802426596312
"1633",1.80226945581292
"1634",1.96302299544302
"1635",2.97441938086375
"1636",3.11902942836893
"1637",4.60808558619625
"1638",2.98645963811555
"1639",9.78570533731382
"1640",4.04225444347762
"1641",1.9384764010998
"1642",1.31551826158006
"1643",8.19211068370825
"1644",3.39167200311391
"1645",2.08350538059741
"1646",4.38025013889656
"1647",5.7597103890436
"1648",4.53719551083591
"1649",2.02484876406389
"1650",4.72612525061771
"1651",2.07181805413551
"1652",4.69925796615724
"1653",1.89394740245386
"1654",1.75179381222667
"1655",1.92275443387434
"1656",0.831920264346039
"1657",2.07634972031002
"1658",6.18761755509752
"1659",5.27989310896151
"1660",2.17636666131285
"1661",4.90569443303173
"1662",6.69037118215893
"1663",1.60436383313204
"1664",1.08444359465649
"1665",3.57249943253233
"1666",2.07282657968759
"1667",1.6933542444218
"1668",4.27691599236533
"1669",6.32056923731344
"1670",1.11603576669426
"1671",2.77368796976588
"1672",5.54665938650518
"1673",1.69466421129157
"1674",1.92873544585125
"1675",1.60084302408033
"1676",6.03267287414967
"1677",1.84514269340731
"1678",2.04432193457497
"1679",3.13227860928066
"1680",3.33994301243421
"1681",3.61462086035887
"1682",9.77910414733159
"1683",1.3462305799656
"1684",2.3750081991011
"1685",1.62390536845262
"1686",1.45139394579071
"1687",1.65520291305092
"1688",2.08623933015956
"1689",3.45692819160724
"1690",4.43333188523489
"1691",3.18912522104109
"1692",2.15558603071229
"1693",9.39779345106967
"1694",6.23528485205598
"1695",1.20037536774747
"1696",1.43613451178544
"1697",4.2435446095129
"1698",1.93054220829499
"1699",9.1307698126412
"1700",1.94374006498095
"1701",1.98538178355711
"1702",1.55658560360877
"1703",2.07841924411774
"1704",5.95224634076047
"1705",1.71032505461806
"1706",2.45322657122864
"1707",3.70772821657195
"1708",5.82078317866229
"1709",2.14060548570546
"1710",6.93411675419173
"1711",3.51711071119146
"1712",2.45715589008658
"1713",3.08669523811458
"1714",2.79901201554264
"1715",3.20940355630514
"1716",2.34355435583876
"1717",5.9512163025103
"1718",4.593787972461
"1719",3.14353352455123
"1720",1.43104872103486
"1721",3.8867131246464
"1722",1.90190859738797
"1723",2.47030075023907
"1724",2.03239750744365
"1725",3.05434537388366
"1726",1.99081456931424
"1727",1.5162524486443
"1728",2.45763425151376
"1729",1.21240243974902
"1730",2.32360707559927
"1731",4.32295805821352
"1732",2.54434601821388
"1733",1.67511668257349
"1734",1.54615557697236
"1735",7.54754603168468
"1736",1.77340473885552
"1737",3.22709097969704
"1738",4.45932934773874
"1739",8.3165448649055
"1740",1.69907640760201
"1741",1.98916047072945
"1742",3.89147280523634
"1743",1.92573075300565
"1744",4.84133446808001
"1745",6.29579020586167
"1746",2.00414407453458
"1747",3.23148871757226
"1748",3.41495671768202
"1749",2.07181805413551
"1750",2.18905059143073
"1751",2.77433839879199
"1752",2.21484589672856
"1753",4.47482748083461
"1754",5.24001624436393
"1755",9.91238258272572
"1756",4.89923902805132
"1757",1.33571552754186
"1758",7.39552564548856
"1759",1.06482924080808
"1760",3.16860628602932
"1761",1.84514269340731
"1762",4.10042721243782
"1763",1.67018307134126
"1764",1.75503456847707
"1765",3.50886881397198
"1766",1.92573075300565
"1767",2.04503281410858
"1768",1.53122825304197
"1769",1.88555289296526
"1770",7.61960053465423
"1771",2.02569164373439
"1772",1.45297610622419
"1773",1.9108742744564
"1774",10.081243201523
"1775",1.93560392047597
"1776",1.66064727508203
"1777",1.81355052136954
"1778",1.08019721634327
"1779",2.02952857081884
"1780",6.46148515512
"1781",2.11196505749875
"1782",5.72025047640616
"1783",5.48530957155614
"1784",5.20972235214073
"1785",2.08646743908444
"1786",1.30253857581962
"1787",2.46407692994895
"1788",1.78018510668495
"1789",6.6950908886198
"1790",5.64733041277072
"1791",5.39369571685736
"1792",2.04054446298866
"1793",2.71660869836636
"1794",2.97233579966224
"1795",5.35252145247121
"1796",3.65340692081467
"1797",1.25040923658577
"1798",1.2179824109553
"1799",2.03895226361096
"1800",3.90147892596592
"1801",3.01039648993446
"1802",1.61495205488787
"1803",2.44221687229477
"1804",1.95447940690896
"1805",2.31463521476345
"1806",7.37376731870414
"1807",5.99889481039022
"1808",1.70296120470567
"1809",1.19404164419412
"1810",6.48997969938602
"1811",2.09140926274535
"1812",2.55538856302784
"1813",1.72105019233959
"1814",1.49189953212158
"1815",4.11342388831557
"1816",1.36562568193247
"1817",1.53807648568703
"1818",2.03895226361096
"1819",1.92964079602656
"1820",4.91169195752318
"1821",1.82055320677434
"1822",2.45238899116269
"1823",2.96643571162626
"1824",1.99726621541876
"1825",1.73822585150257
"1826",1.35846872555432
"1827",4.43213897599534
"1828",1.75095003703902
"1829",1.30903639744626
"1830",4.19974482309835
"1831",9.81857112783836
"1832",4.77563061374418
"1833",9.79980883686089
"1834",2.06376526993685
"1835",2.81680625484529
"1836",1.86586839826117
"1837",1.99030785962999
"1838",2.32432069525691
"1839",9.47792127750268
"1840",7.00608249210626
"1841",3.85569724893637
"1842",1.49175451051754
"1843",1.49396347404118
"1844",2.28427377256314
"1845",1.99392537209118
"1846",1.51556265325468
"1847",2.01146865493151
"1848",1.5066608632391
"1849",1.99187418124961
"1850",1.37597418277689
"1851",4.3873991626771
"1852",5.44300265938455
"1853",2.04180030502392
"1854",4.67442362855469
"1855",1.60583061541877
"1856",7.05234884470615
"1857",8.78045111111998
"1858",1.44736803416915
"1859",2.03179377655619
"1860",1.39610650296479
"1861",1.75446551788334
"1862",1.6544350491171
"1863",8.5549311982361
"1864",1.91944367226321
"1865",2.1493452340926
"1866",1.38232520926932
"1867",2.02484876406389
"1868",1.63550577938821
"1869",1.34500519134029
"1870",3.93655371568528
"1871",2.68686285313998
"1872",2.03610422219801
"1873",3.50051042011209
"1874",2.22981442799409
"1875",2.7171809119863
"1876",1.66671024123751
"1877",2.27767301593436
"1878",1.37434451374421
"1879",2.55831992300903
"1880",2.24858605307971
"1881",3.52936069217709
"1882",3.00247180755163
"1883",5.70229618652971
"1884",3.344333554644
"1885",1.69286158392443
"1886",1.9591171830148
"1887",1.68081374078459
"1888",1.58181487378838
"1889",3.67849514285007
"1890",1.95533552514846
"1891",2.85499509822869
"1892",2.97392427378106
"1893",4.06713594215137
"1894",1.07492281810922
"1895",2.81056343490524
"1896",2.30388611238533
"1897",9.00238410593736
"1898",3.24839901425628
"1899",1.61520743419044
"1900",7.02315119405001
"1901",1.84731491889784
"1902",2.30656280188705
"1903",2.22808790684673
"1904",2.06897453600106
"1905",3.43849945681705
"1906",6.00326581335247
"1907",2.68913659841234
"1908",2.52652902267697
"1909",2.78364197854561
"1910",1.81590036395046
"1911",3.45709295460739
"1912",1.83432351080655
"1913",2.34515374182962
"1914",1.28786702888183
"1915",3.33440471443729
"1916",2.53312803241305
"1917",6.08873646648286
"1918",2.05771455458843
"1919",1.91695482495402
"1920",4.99976258710214
"1921",1.6321343916787
"1922",1.7663278764558
"1923",1.48890739341516
"1924",6.69651717096553
"1925",1.15029101442156
"1926",2.05771455458843
"1927",1.99198297353934
"1928",3.95908933918255
"1929",2.36572550492028
"1930",3.83835009407328
"1931",2.04361105504136
"1932",9.81857112783836
"1933",1.94501368346772
"1934",1.73393888202399
"1935",5.24448027925139
"1936",2.8246078360199
"1937",1.40609709648332
"1938",1.78279628530184
"1939",1.87462331098824
"1940",1.71872847672746
"1941",2.27584234561759
"1942",1.7117371327573
"1943",1.98461231250889
"1944",4.35216368169264
"1945",1.97010636756556
"1946",4.15743593907696
"1947",1.94374006498095
"1948",1.95091418576624
"1949",7.70037873172605
"1950",2.03198902680492
"1951",5.9868622815214
"1952",9.37271339786843
"1953",1.7433538654706
"1954",5.5334057520959
"1955",1.38499480435477
"1956",1.74993049477729
"1957",2.02484876406389
"1958",2.7983729399149
"1959",5.94416390650928
"1960",0.85684015041461
"1961",1.78279628530184
"1962",3.90379769652595
"1963",4.97678556535255
"1964",2.40201913823814
"1965",2.02679116261572
"1966",1.52746260000035
"1967",9.37932390592904
"1968",1.88488219327983
"1969",4.8519712380883
"1970",1.36855496330865
"1971",1.30304492949307
"1972",2.2589252504497
"1973",3.3439574040603
"1974",1.96186053982443
"1975",1.74261842526145
"1976",1.83604302870326
"1977",2.20144128076569
"1978",1.6452602844269
"1979",1.42739782775337
"1980",3.08465771508993
"1981",2.42631908089433
"1982",1.76675038720293
"1983",1.96105958156663
"1984",2.37832367968516
"1985",1.94318280506743
"1986",1.65471829614728
"1987",2.06485400313817
"1988",1.39844241574534
"1989",4.94902265006978
"1990",2.0549894766522
"1991",4.79894920573561
"1992",2.32025001014779
"1993",1.28542048289145
"1994",2.16523123013027
"1995",2.24572490323139
"1996",1.55996127431342
"1997",2.30872159518005
"1998",4.43209229753843
"1999",2.18261974026282
"2000",2.2408940081874
"2001",1.95988637038631
"2002",3.92306954522967
"2003",1.66162989419128
"2004",4.60378335139798
"2005",1.58769077906852
"2006",6.87007425127368
"2007",6.66127590583293
"2008",1.91737342335561
"2009",2.33432095425378
"2010",1.56446041207778
"2011",1.75360272966566
"2012",1.58015297579614
"2013",2.05936060315994
"2014",2.18482741699581
"2015",3.12911095101749
"2016",3.35439804197402
"2017",1.207194194102
"2018",1.96644187548926
"2019",2.89573899990156
"2020",3.94622408016407
"2021",2.80106012524164
"2022",1.12514943031152
"2023",2.10175523191884
"2024",2.02096396696022
"2025",1.6332088534801
"2026",3.80089969824513
"2027",3.96165916165643
"2028",1.54268106275895
"2029",4.98156574275788
"2030",4.63816111464617
"2031",1.92736971605295
"2032",1.98152181217412
"2033",3.75134756850945
"2034",5.68663571796947
"2035",2.61355977498902
"2036",1.03103614011475
"2037",2.14587329664469
"2038",1.86390498438478
"2039",3.22836801666745
"2040",5.21564578565788
"2041",2.66318947831727
"2042",1.50832781011872
"2043",1.92538521803256
"2044",1.69066446760234
"2045",1.07166277030787
"2046",1.94455340759839
"2047",1.94212145052471
"2048",2.28041448679234
"2049",4.1150960825659
"2050",5.43649285196496
"2051",7.44799946310868
"2052",2.20294926552604
"2053",5.6632245719268
"2054",4.90142493286888
"2055",7.94975242278247
"2056",3.85199076669126
"2057",9.38270907887266
"2058",3.42535155017089
"2059",1.54288341769787
"2060",1.86856377581518
"2061",3.707260048233
"2062",3.2112744905872
"2063",2.86118036721714
"2064",1.83659910487325
"2065",2.85702898774763
"2066",3.66879445542266
"2067",1.49983857491973
"2068",1.8935212380738
"2069",5.40251541523312
"2070",2.70243171763924
"2071",7.90391959960712
"2072",5.38731873952065
"2073",3.88927107273452
"2074",1.34915804643133
"2075",1.80155857627931
"2076",2.68351456514176
"2077",2.46192944746141
"2078",2.04503281410858
"2079",8.92539773451461
"2080",1.20206459324357
"2081",3.34195710506834
"2082",1.18355547532183
"2083",1.7462910713219
"2084",2.04503281410858
"2085",9.85143691836291
"2086",1.70084965024883
"2087",5.5261002708559
"2088",4.45157688628351
"2089",1.76791337247988
"2090",2.78248023128043
"2091",3.38221258388464
"2092",2.5848065978072
"2093",2.64856973249753
"2094",1.31407448163445
"2095",3.21802027217175
"2096",2.03895226361096
"2097",3.87863734385234
"2098",1.86562219776269
"2099",4.1125612605191
"2100",4.59769486864793
"2101",1.99160103082649
"2102",1.4299502070596
"2103",5.13677826881285
"2104",2.66342730562227
"2105",1.83725004279241
"2106",5.93185984075966
"2107",1.91067795329366
"2108",2.68089732208885
"2109",3.1335707956725
"2110",1.83103919386024
"2111",2.67662247284832
"2112",2.05396140601916
"2113",3.11875460318078
"2114",1.96406337874259
"2115",1.05132565502695
"2116",1.8544602762681
"2117",7.93854789842047
"2118",5.07756331186184
"2119",1.9639662144942
"2120",4.46804400838092
"2121",3.63732499302134
"2122",5.28519524546909
"2123",6.52192513534514
"2124",0.969273736892835
"2125",5.64200051294404
"2126",1.24493680688723
"2127",5.29673275923057
"2128",2.07181805413551
"2129",1.03856302255998
"2130",2.9837809996139
"2131",1.92769416688204
"2132",4.76897500044597
"2133",1.70990385632531
"2134",2.38774328919516
"2135",7.07595686748632
"2136",1.67293908162825
"2137",3.17221459202304
"2138",1.76324680423205
"2139",2.02435366318235
"2140",1.55984726557171
"2141",1.18588448436458
"2142",1.79180455287103
"2143",7.60471233372607
"2144",2.52949731713101
"2145",1.44776563388077
"2146",1.58898671509819
"2147",2.0764768455659
"2148",2.2068565008706
"2149",3.67573244292082
"2150",2.05357640264264
"2151",1.81474733875104
"2152",2.72230547268833
"2153",2.01074526451681
"2154",8.04039284283577
"2155",4.210329225645
"2156",2.02484876406389
"2157",3.1887653130449
"2158",1.69066446760234
"2159",1.35846544011193
"2160",2.10333692770662
"2161",7.34347387573135
"2162",2.0557721560366
"2163",1.8062217708755
"2164",1.94035489203733
"2165",2.43756467887965
"2166",3.80902096569958
"2167",2.60011478772701
"2168",4.34127002180122
"2169",3.27564778378582
"2170",2.0811356369963
"2171",1.76209159577254
"2172",1.92991939678593
"2173",5.02007992699227
"2174",1.5526225561745
"2175",2.04503281410858
"2176",2.06980456942375
"2177",4.12801960257454
"2178",2.01792790291578
"2179",2.48854791600911
"2180",2.0845250405326
"2181",4.20103468945435
"2182",9.0292013367008
"2183",4.17850772965679
"2184",2.64825672835505
"2185",1.27921576771671
"2186",1.98289762263467
"2187",1.94374006498095
"2188",0.94296703688196
"2189",1.81798030750854
"2190",2.15216408852019
"2191",3.343995340282
"2192",1.70550844167923
"2193",1.64302187418716
"2194",2.67680730267711
"2195",1.40030907654543
"2196",1.48462673594849
"2197",2.0799119227343
"2198",3.63970775523434
"2199",3.59176959935334
"2200",2.04668321598634
"2201",6.4660029883157
"2202",4.11198632743426
"2203",3.66628898383077
"2204",2.48815956415406
"2205",1.85861926175206
"2206",9.78430459357115
"2207",2.91681811393595
"2208",1.97322068256187
"2209",2.06585196557632
"2210",1.85125272041487
"2211",1.40055052740463
"2212",2.12809596538242
"2213",2.70120682911393
"2214",1.93571711593149
"2215",2.06703213744923
"2216",2.32411278642156
"2217",5.88651475971138
"2218",4.14439633294233
"2219",4.35045010025419
"2220",4.27804618903809
"2221",1.26102582840543
"2222",4.72510479579268
"2223",1.4376020118402
"2224",6.33498083640768
"2225",2.19880324754842
"2226",2.03359015357628
"2227",1.43046574328624
"2228",3.27170790572757
"2229",5.32970568210679
"2230",1.98343938500528
"2231",5.11970817448756
"2232",4.08347580796491
"2233",2.55342516621133
"2234",1.48583056235216
"2235",2.23428637447815
"2236",3.77546899881005
"2237",4.41113478752444
"2238",2.55192210487809
"2239",1.97322068256187
"2240",1.7711558237912
"2241",2.26058837583363
"2242",2.89772562076932
"2243",1.43698358563629
"2244",1.4997701099979
"2245",3.40460205200898
"2246",2.32159665834556
"2247",1.31544019303585
"2248",1.81566207582638
"2249",2.54009981253607
"2250",2.98925730381388
"2251",1.46657223840519
"2252",1.67051762898493
"2253",1.95286314711376
"2254",1.80966120098737
"2255",6.84101169641119
"2256",8.93926934875837
"2257",1.99861036252668
"2258",7.09930889419783
"2259",1.70840400791762
"2260",1.65346593325866
"2261",1.7650193128441
"2262",1.51666290625791
"2263",3.49074004133289
"2264",2.02484876406389
"2265",1.05972883356858
"2266",2.70522011819201
"2267",3.68671489689595
"2268",2.12902598451906
"2269",2.6610720248533
"2270",3.90232143753899
"2271",1.63407679023053
"2272",2.06427258403162
"2273",4.11132305636182
"2274",1.84369145783015
"2275",3.60457061992452
"2276",2.92721438028232
"2277",1.82834381630623
"2278",2.71509151043093
"2279",8.77614128888974
"2280",9.79980883686089
"2281",2.08474294572889
"2282",1.54486340619465
"2283",1.44144175464488
"2284",4.37249278439673
"2285",3.04574600519737
"2286",7.13283482445216
"2287",1.32893423688222
"2288",3.2142474755361
"2289",3.00610699672985
"2290",1.85730379440255
"2291",1.72078647584431
"2292",1.71745432847537
"2293",1.19459722880365
"2294",4.02709670851802
"2295",2.4030323717815
"2296",2.70163705592874
"2297",2.34469792153025
"2298",5.88651475971138
"2299",2.40258896777235
"2300",5.07553958498968
"2301",5.10627042218918
"2302",7.89148081820964
"2303",3.19286363948253
"2304",4.54066812789614
"2305",2.90292646506901
"2306",6.09095805879721
"2307",4.49743049684646
"2308",6.66308617432791
"2309",1.84391117438909
"2310",2.02661418141503
"2311",2.00474156968052
"2312",7.55578264397159
"2313",1.5551558633477
"2314",2.02484876406389
"2315",1.61429405382201
"2316",5.54398602440115
"2317",1.17918516564487
"2318",1.86764318459476
"2319",1.81174828220431
"2320",1.74067602670962
"2321",2.22793474337222
"2322",3.0090593352672
"2323",1.39869546793863
"2324",3.46881959531349
"2325",4.20960402317086
"2326",6.9284962553265
"2327",2.94022012206478
"2328",2.96041331991324
"2329",1.99410287729493
"2330",1.5540093701168
"2331",1.24629462431112
"2332",1.27786578102433
"2333",2.88676696749226
"2334",1.64894976082583
"2335",2.88764282663867
"2336",2.86447869566365
"2337",2.54684976913857
"2338",1.9108742744564
"2339",4.67811313967574
"2340",2.08255739606352
"2341",3.58995312879791
"2342",4.72708966353015
"2343",3.20086261593751
"2344",4.89698670067175
"2345",2.44701268700821
"2346",3.50125729834766
"2347",9.33235461585742
"2348",1.0407254485348
"2349",1.29444999561457
"2350",4.91811513313979
"2351",1.98538178355711
"2352",7.9073272708924
"2353",2.31266095491634
"2354",5.14922872559723
"2355",4.11747465643969
"2356",2.2631784276596
"2357",1.4143546128786
"2358",1.93303884135651
"2359",3.23756029347873
"2360",1.31228735960979
"2361",3.13852833771964
"2362",1.57784412866982
"2363",1.82765402091662
"2364",1.77941111235822
"2365",1.75056369957954
"2366",1.53404360394048
"2367",1.48896597930738
"2368",2.07181805413551
"2369",3.95882177567696
"2370",4.81384701870822
"2371",2.12132611999531
"2372",0.99828949365224
"2373",2.9930547142559
"2374",5.86898497746886
"2375",1.55851389057385
"2376",2.17358536211422
"2377",2.6099507655293
"2378",1.91485878715805
"2379",3.15872531992943
"2380",5.12927397414894
"2381",4.19355584900961
"2382",1.74023243181849
"2383",5.0850490428008
"2384",1.78887683579946
"2385",4.79530659321706
"2386",7.32893314251469
"2387",2.05464680059221
"2388",1.60745274192777
"2389",1.40315752737027
"2390",1.97663647210971
"2391",3.74851084621462
"2392",1.7136916697702
"2393",3.8242087261635
"2394",8.74585224105358
"2395",3.51511482482792
"2396",5.33198553042399
"2397",1.93595397872756
"2398",1.85536139585072
"2399",1.8977139939605
"2400",4.6434070718477
"2401",1.47790775789007
"2402",8.056421114223
"2403",4.54192248109222
"2404",6.49657797254307
"2405",5.09876789706186
"2406",1.90142956633972
"2407",1.81227690288277
"2408",2.05771455458843
"2409",2.02950755549428
"2410",4.4940813988176
"2411",1.7504511342619
"2412",1.87800848393186
"2413",2.313481896907
"2414",3.30802035675136
"2415",8.46902868919157
"2416",1.93416823160838
"2417",1.71968898581978
"2418",1.69982843147288
"2419",1.53055334258402
"2420",3.20816322928404
"2421",1.32884609778585
"2422",2.25903645004422
"2423",1.73683332907451
"2424",8.33955749809608
"2425",7.34108710705212
"2426",3.56218680151047
"2427",2.1490620757697
"2428",3.77421277662321
"2429",2.13276371849832
"2430",3.81618446661394
"2431",3.07238887555988
"2432",5.95007583328376
"2433",1.63809561632789
"2434",1.60382032752193
"2435",2.07181805413551
"2436",1.73181135704859
"2437",4.48756022156521
"2438",3.06129232941221
"2439",1.37107192000481
"2440",3.06295728926664
"2441",2.28712130359572
"2442",4.1920744281406
"2443",1.32111864905272
"2444",3.07796564027238
"2445",7.65013596222057
"2446",2.59757509657107
"2447",2.20293284207807
"2448",4.88351040500285
"2449",1.94801137417742
"2450",5.94616579026285
"2451",1.55464302327054
"2452",2.77849987192333
"2453",5.51966952951049
"2454",5.70203434339454
"2455",3.17822660302262
"2456",1.97322068256187
"2457",2.07945193949792
"2458",2.55609171113864
"2459",4.22807769633158
"2460",3.41084506081473
"2461",2.85375089982159
"2462",2.38138890134157
"2463",3.50949219445546
"2464",1.07740001552027
"2465",1.84805792200609
"2466",3.5202664815084
"2467",4.58298473442752
"2468",3.12470873717521
"2469",1.87485906505542
"2470",2.0963968726687
"2471",2.90554845652292
"2472",4.41082561625685
"2473",1.99315988861665
"2474",0.964460674489087
"2475",4.61837206604535
"2476",1.21010837583119
"2477",1.61028695149461
"2478",6.09151185938015
"2479",4.43026409882697
"2480",1.79817340333569
"2481",2.22443403450033
"2482",2.06703213744923
"2483",2.10586075973736
"2484",1.60049019434624
"2485",2.0557721560366
"2486",2.02020306622585
"2487",5.64471240919749
"2488",3.88056903534981
"2489",5.82078317866229
"2490",2.27059621110007
"2491",1.76455463380898
"2492",1.67003945373165
"2493",4.2744574183382
"2494",0.957569565063996
"2495",3.32374066109566
"2496",2.38540605148919
"2497",1.29588908226164
"2498",2.03947290309557
"2499",2.11594382607268
"2500",2.17032229044688
"2501",4.74951821454871
"2502",1.97930123305949
"2503",1.79478823039207
"2504",3.06610104422439
"2505",1.9108742744564
"2506",3.1387782479485
"2507",6.19802013002778
"2508",2.09218895234286
"2509",7.39726388975486
"2510",1.97322068256187
"2511",2.43548596711194
"2512",7.21209027868358
"2513",6.88208355805674
"2514",5.5022807922477
"2515",1.1794375653557
"2516",3.02772188589513
"2517",1.47382280594104
"2518",4.14530773732806
"2519",4.49363068142912
"2520",1.86574187839529
"2521",2.44876888194779
"2522",1.64718950264288
"2523",6.31891792663676
"2524",1.97339806458462
"2525",4.41931460222893
"2526",8.62711632613824
"2527",2.07181805413551
"2528",7.50109042375314
"2529",1.76182202875473
"2530",1.780684730845
"2531",1.78287596096045
"2532",5.65056602430355
"2533",1.6888577051586
"2534",5.36988196422614
"2535",3.20105321128677
"2536",1.50908156246579
"2537",2.39289399806043
"2538",2.03895226361096
"2539",6.18320204050462
"2540",2.1640975323379
"2541",3.67915358804105
"2542",3.85826820170466
"2543",1.85391862145893
"2544",7.55361559876302
"2545",3.4486971439359
"2546",2.37905828891127
"2547",7.68846560862553
"2548",2.83378630470806
"2549",1.28230711786882
"2550",2.3961406138513
"2551",2.00414407453458
"2552",1.3364406466548
"2553",2.9708796265698
"2554",9.76694304633635
"2555",1.95859654353019
"2556",6.73934972328903
"2557",5.37952351388157
"2558",7.04411857486027
"2559",4.54752680029463
"2560",1.65445947269017
"2561",1.775484215786
"2562",1.79889945619875
"2563",1.41972640938712
"2564",3.41519706242823
"2565",4.5823372787684
"2566",2.00608647308642
"2567",5.09761640729134
"2568",1.51931419470956
"2569",1.71092356397239
"2570",1.6150821597355
"2571",6.76335343599537
"2572",1.59529960511337
"2573",2.90857304730159
"2574",3.62102788409707
"2575",2.79860857547207
"2576",0.943369907037495
"2577",1.76038576733095
"2578",2.33217080408238
"2579",1.95034125496317
"2580",6.17976907799905
"2581",3.51079569105204
"2582",2.01824757408166
"2583",2.02484876406389
"2584",3.8976710489076
"2585",1.4837739063653
"2586",4.53375481308295
"2587",1.97971480748148
"2588",2.33332702243044
"2589",5.25651208050089
"2590",1.44476114003908
"2591",1.76104586026859
"2592",4.90882994526982
"2593",3.24187410792277
"2594",2.09383130727651
"2595",2.23613818935639
"2596",2.91855894208011
"2597",1.81216370742724
"2598",1.92086486797493
"2599",4.62395502497847
"2600",2.52986966644066
"2601",1.94839885641134
"2602",3.69698887464393
"2603",0.75295033425684
"2604",2.42956938836381
"2605",6.38552088952052
"2606",3.19246924331792
"2607",1.74666702814141
"2608",1.41839889370829
"2609",2.03895226361096
"2610",1.62437777230143
"2611",1.93065682907853
"2612",0.96948344161002
"2613",1.89338560196571
"2614",1.82286810423034
"2615",4.27362913271669
"2616",2.02109561549461
"2617",2.99060058643509
"2618",4.238499600224
"2619",3.72132608622046
"2620",1.70046545622627
"2621",3.39892262260615
"2622",2.0650392470629
"2623",2.17709446937647
"2624",2.05462787133068
"2625",1.68406212441037
"2626",6.88197936452303
"2627",3.02076452294396
"2628",1.9591171830148
"2629",1.99716524974349
"2630",3.60315833289274
"2631",2.47785215882709
"2632",3.72544981173245
"2633",1.04795416127786
"2634",1.83821924363636
"2635",9.82985212457555
"2636",4.19673250590688
"2637",1.78604812537643
"2638",6.54330948238325
"2639",4.70887523989335
"2640",3.33673150328405
"2641",3.14740322845824
"2642",1.9108742744564
"2643",1.56778956144619
"2644",3.84524768413541
"2645",2.01824757408166
"2646",3.20096778400663
"2647",3.53236918699368
"2648",1.77086752382416
"2649",6.91178961774002
"2650",2.0958329592764
"2651",3.69985321907825
"2652",2.09523913654337
"2653",4.68010647484262
"2654",1.27784572083107
"2655",2.91183526229882
"2656",2.01824757408166
"2657",1.41440834549982
"2658",1.97200178650228
"2659",2.12648255866893
"2660",1.43601605441196
"2661",3.03585471311997
"2662",6.29704253916292
"2663",3.36025457148836
"2664",2.00608647308642
"2665",1.9591171830148
"2666",2.02484876406389
"2667",1.97179892349465
"2668",6.91025136115895
"2669",1.9108742744564
"2670",1.74004482283462
"2671",2.13665362800049
"2672",1.22436382825448
"2673",4.37184865814555
"2674",3.80397216868812
"2675",1.76847044570716
"2676",1.48496722323936
"2677",3.71624008272709
"2678",1.83730876786208
"2679",1.80889172993915
"2680",5.52372439563094
"2681",3.27135815648611
"2682",1.85562069929936
"2683",2.03895226361096
"2684",3.36155789959551
"2685",2.13406751840863
"2686",5.49315811105286
"2687",2.09205163862711
"2688",1.82006204379967
"2689",4.833346577854
"2690",1.78417898368891
"2691",9.79980883686089
"2692",3.76302872456185
"2693",2.1309916211365
"2694",3.54972571977885
"2695",2.74897534209805
"2696",3.09562383002516
"2697",1.72975183245209
"2698",1.006178413708
"2699",1.54881505427014
"2700",4.59717422916332
"2701",4.38733948319769
"2702",1.01795308599872
"2703",4.38181555887705
"2704",5.4037890337199
"2705",2.28057365836296
"2706",1.91162725345857
"2707",1.72728340669616
"2708",1.83569798529063
"2709",1.94374006498095
"2710",6.88726807807785
"2711",1.86025705007718
"2712",3.47547560635448
"2713",3.20632911285079
"2714",4.88116237845923
"2715",2.86540333841774
"2716",1.80155857627931
"2717",2.07181805413551
"2718",7.32104883410934
"2719",6.71475882245839
"2720",2.03143063347495
"2721",4.56938768413145
"2722",2.34622516181044
"2723",1.92640548167721
"2724",2.01318054405714
"2725",1.79315171947152
"2726",1.71367953130913
"2727",2.02394312120277
"2728",1.72945814476555
"2729",2.56115463546722
"2730",1.76614264419615
"2731",1.26286991643339
"2732",2.09058034511298
"2733",2.320981089151
"2734",1.66747012397749
"2735",4.49870755544111
"2736",3.29978234360703
"2737",3.23720342896283
"2738",5.67154356507263
"2739",1.68031411662454
"2740",2.23523096901958
"2741",2.33213675241336
"2742",0.608151536545412
"2743",1.95342163589369
"2744",6.70791716279141
"2745",2.84198225600987
"2746",3.65628481602332
"2747",1.85364882423759
"2748",1.41778001501331
"2749",1.81177504168117
"2750",2.53622479368768
"2751",2.05410156540576
"2752",2.46951059634088
"2753",3.07552916143761
"2754",2.18521637213694
"2755",1.56849149896094
"2756",1.84183234491384
"2757",2.79647406648059
"2758",1.79972562258184
"2759",3.66866965430369
"2760",3.97330770310045
"2761",3.2292902661238
"2762",3.22440317663829
"2763",0.797358093981753
"2764",4.93541134125213
"2765",1.73513017377805
"2766",1.78279628530184
"2767",4.2948810907774
"2768",1.26377716640891
"2769",1.82016820339783
"2770",4.2135762705476
"2771",1.87629842489759
"2772",1.92430476334573
"2773",4.23751064665296
"2774",1.96105958156663
"2775",3.20359170464767
"2776",2.40366330930901
"2777",1.80254164724846
"2778",1.82430635534362
"2779",6.18038676197731
"2780",1.86051981144116
"2781",7.69553632906651
"2782",3.33060942321643
"2783",4.76254328689869
"2784",3.2319134293699
"2785",2.28156014689312
"2786",2.02186341123886
"2787",1.72182317372201
"2788",0.852157441548983
"2789",5.02474902506044
"2790",2.14078666754777
"2791",1.99198297353934
"2792",2.35401493526303
"2793",2.06073257088626
"2794",5.15122085830383
"2795",4.966286636625
"2796",2.983979054074
"2797",1.50107272500309
"2798",9.71518783957844
"2799",9.67173084770633
"2800",2.09058034511298
"2801",1.58221636921095
"2802",3.01107397491386
"2803",2.32057623327765
"2804",1.62283782414247
"2805",2.07181805413551
"2806",1.1926197033405
"2807",1.72621313120853
"2808",2.39311888049143
"2809",2.01824757408166
"2810",2.03895226361096
"2811",8.12303914973262
"2812",1.69186074600267
"2813",2.07181805413551
"2814",6.87784413481087
"2815",5.64042974204938
"2816",3.51754099662846
"2817",3.00550929532688
"2818",2.07973489325364
"2819",1.75106847715598
"2820",2.13523366027256
"2821",1.67124190741202
"2822",6.13105629353481
"2823",2.00536020563717
"2824",3.69143703806059
"2825",2.14086250932393
"2826",1.04041708837449
"2827",5.6828126735621
"2828",1.63307658677914
"2829",3.68685037937773
"2830",2.11666599065922
"2831",1.92189819529732
"2832",3.35794489274198
"2833",1.74993049477729
"2834",2.35696108139746
"2835",3.33243094610481
"2836",2.77127773646738
"2837",2.18192299090164
"2838",2.23268331213124
"2839",2.70363607480768
"2840",1.41055426292839
"2841",3.57012280338069
"2842",2.15238543268842
"2843",4.86101107210735
"2844",1.63527850923362
"2845",3.13625624023692
"2846",2.72358583776805
"2847",2.29220507319817
"2848",2.03154150255233
"2849",1.93920041761259
"2850",6.4444830532178
"2851",1.99577238564995
"2852",2.08383351950303
"2853",8.63415110368707
"2854",5.31785148561342
"2855",2.84269006098854
"2856",1.5733835850402
"2857",1.39745709722561
"2858",2.84391087046677
"2859",1.23009397524734
"2860",1.34814328440094
"2861",2.31645491476676
"2862",3.96092475543058
"2863",1.83036589051668
"2864",6.63059654885078
"2865",2.31333221023696
"2866",2.25332440767677
"2867",2.03895226361096
"2868",5.63907817769626
"2869",4.32199789515096
"2870",4.09431960902623
"2871",2.83522094836168
"2872",1.94035489203733
"2873",2.29168423561151
"2874",1.5975934872448
"2875",3.1897568943373
"2876",7.81282568267924
"2877",1.65917989028555
"2878",1.68108792916488
"2879",1.61846733267911
"2880",1.71639502851805
"2881",1.96004261711981
"2882",1.862248714391
"2883",3.87378732262508
"2884",1.20716663575363
"2885",1.99075145452112
"2886",2.12409300470837
"2887",1.70306189568885
"2888",1.95057359448074
"2889",1.97322068256187
"2890",4.2162798954705
"2891",5.25137969590461
"2892",1.71649500805647
"2893",1.50288186790613
"2894",2.38218649581585
"2895",2.09058034511298
"2896",7.22624337424555
"2897",4.66205550969616
"2898",3.50659142496149
"2899",2.90854336206817
"2900",2.15678077951309
"2901",2.27758180430719
"2902",1.52949805355286
"2903",1.38101768489798
"2904",1.3460458442653
"2905",1.51207935157359
"2906",1.26843274479348
"2907",2.28844855512402
"2908",5.00105809827152
"2909",1.99175486461447
"2910",2.00129603312163
"2911",1.83926271288033
"2912",1.78918914366145
"2913",1.69616857654526
"2914",2.91944600773682
"2915",9.67173084770633
"2916",9.49329839553653
"2917",1.15480700320491
"2918",3.50380374368465
"2919",5.66641617646606
"2920",1.78416284242607
"2921",3.04037598532694
"2922",1.87614462301063
"2923",6.56061973273046
"2924",4.20029216490883
"2925",3.41702353323692
"2926",2.85276775999403
"2927",9.79980883686089
"2928",2.65941187442915
"2929",2.15599089574258
"2930",8.29065013432323
"2931",5.91323308317946
"2932",1.81566207582638
"2933",3.64994684041968
"2934",1.99271507619356
"2935",1.12209530186732
"2936",1.67371292664231
"2937",4.08877006066451
"2938",1.96250235595842
"2939",1.88201870523313
"2940",4.48149922416144
"2941",4.05774373057227
"2942",3.7565050324652
"2943",1.92426689446986
"2944",1.35731795022342
"2945",4.96279241510676
"2946",2.16376951113274
"2947",6.25710651530857
"2948",1.41701227751854
"2949",1.6244180379283
"2950",6.38533572437262
"2951",2.05486651317548
"2952",1.28006153441829
"2953",1.77770105332395
"2954",1.14915936143088
"2955",1.85389561424248
"2956",1.56922783287541
"2957",2.54123341571567
"2958",6.86129063536439
"2959",3.56568639437775
"2960",3.14986449413348
"2961",2.47573286187919
"2962",7.45909047127336
"2963",1.80160067574787
"2964",1.70139530508688
"2965",1.19770125612386
"2966",9.44589566348182
"2967",1.76385637723399
"2968",1.66111115450689
"2969",1.36766716435308
"2970",7.3374953797969
"2971",3.57381635703266
"2972",1.36568266633269
"2973",7.17999344220523
"2974",2.0764768455659
"2975",1.93388933816319
"2976",5.45286930784525
"2977",3.77544102683024
"2978",0.984938199762436
"2979",1.75308987500556
"2980",1.56014428331622
"2981",1.54935057868641
"2982",5.9826214421084
"2983",4.09797044936479
"2984",5.0403588497689
"2985",1.49111045452025
"2986",4.65994363070506
"2987",2.30184733556038
"2988",2.91947678778158
"2989",6.30121987343028
"2990",1.5015931827013
"2991",1.2186256622121
"2992",1.65129469611917
"2993",4.19541069533097
"2994",1.71706470425275
"2995",2.47095365029345
"2996",1.25215160621549
"2997",1.0442870005465
"2998",1.80072438973229
"2999",1.60042307557889
"3000",1.35842309023764
"3001",2.10442249931064
"3002",8.24934484115886
"3003",2.41057993565481
"3004",7.83963761744319
"3005",2.63069305155457
"3006",1.79868728130466
"3007",1.86079418160785
"3008",1.83846999527882
"3009",2.00434028989141
"3010",1.04886159303978
"3011",2.07272369699663
"3012",1.87285459161992
"3013",3.87379460043721
"3014",2.26242447968688
"3015",1.44605947055745
"3016",1.57002032309079
"3017",3.14210307097311
"3018",1.8313468288935
"3019",6.09512204649671
"3020",1.39939854064614
"3021",1.87729760439824
"3022",2.13276371849832
"3023",5.92938368824951
"3024",1.08975015082738
"3025",1.97200178650228
"3026",2.04467334933513
"3027",7.71793284563753
"3028",1.85276414703419
"3029",3.71424455261098
"3030",3.97185551659878
"3031",1.97322068256187
"3032",3.39663723707008
"3033",1.55612092457364
"3034",6.39062537688488
"3035",3.28184914402255
"3036",8.09117799225218
"3037",3.31702919003812
"3038",1.18034727093488
"3039",1.96905522826556
"3040",1.73418893078506
"3041",4.34153889033881
"3042",1.66848443901563
"3043",3.39902967819932
"3044",9.76694304633635
"3045",1.64678567642785
"3046",1.96467709402781
"3047",3.38420918876903
"3048",2.77327677044706
"3049",8.52666007149752
"3050",3.78461416598782
"3051",1.72073693914111
"3052",1.94035489203733
"3053",1.40300212330697
"3054",1.40800619910462
"3055",4.93049716138555
"3056",3.25918405838884
"3057",2.16102469453865
"3058",9.63886505718178
"3059",1.94307128491589
"3060",9.79980883686089
"3061",1.73194219812655
"3062",5.59505470187304
"3063",3.7041645841196
"3064",1.75008197028078
"3065",2.87798934385819
"3066",2.79182525830086
"3067",1.76943166955574
"3068",5.3521033271975
"3069",3.74969997873103
"3070",1.78610900574992
"3071",8.03440311144806
"3072",8.76637880429608
"3073",1.89478711475416
"3074",1.09185623666924
"3075",1.42852844799237
"3076",1.42097017797805
"3077",3.33260238957731
"3078",1.2432065058733
"3079",2.00608647308642
"3080",6.88372954007912
"3081",1.80155857627931
"3082",1.76218192510256
"3083",1.45509891839871
"3084",2.96035678450423
"3085",3.04256065817454
"3086",6.73857255696935
"3087",4.65395891392021
"3088",6.21179158042836
"3089",1.09002275926759
"3090",3.89149034072982
"3091",5.32344648913518
"3092",2.12824056317601
"3093",1.29609667279103
"3094",4.1068195652366
"3095",1.56097615526539
"3096",1.95047689107127
"3097",1.85839349103729
"3098",3.58397378728259
"3099",1.57742432213176
"3100",4.18321810946097
"3101",1.85536139585072
"3102",2.62895249694037
"3103",1.56825554162934
"3104",4.61894662466753
"3105",4.37227849466121
"3106",1.60992374414505
"3107",2.03822876111873
"3108",2.03841078941007
"3109",2.8082203882583
"3110",1.52154507501483
"3111",7.91908965440452
"3112",2.05163400409081
"3113",3.67601309292393
"3114",1.83132749382728
"3115",1.0953161922333
"3116",2.01035673440552
"3117",2.22771583155439
"3118",7.68378540691864
"3119",1.60941589412231
"3120",2.05909268347307
"3121",4.04102179984706
"3122",6.06818475477838
"3123",1.57532473296211
"3124",1.97787947399227
"3125",1.97447915733024
"3126",1.42723851924593
"3127",7.7433231668147
"3128",2.03895226361096
"3129",1.83671824893529
"3130",3.19201224808634
"3131",1.5766985576665
"3132",5.10163187198761
"3133",1.80218872573805
"3134",2.16451342558858
"3135",2.05486651317548
"3136",1.26548722544318
"3137",4.1706805513026
"3138",1.93181130350327
"3139",5.82323185759274
"3140",1.75978264692305
"3141",7.81262540347679
"3142",7.26296067521208
"3143",2.08508200664366
"3144",2.57760521073555
"3145",7.32991630701357
"3146",1.57883119626733
"3147",2.27606282689883
"3148",2.04407535501694
"3149",4.44242396416341
"3150",2.37506429296132
"3151",4.44066657841213
"3152",1.71062517120963
"3153",1.22993218775754
"3154",7.63838794631469
"3155",1.72313727355652
"3156",2.13385708698778
"3157",4.41129165317947
"3158",1.51300130469437
"3159",3.21651276281335
"3160",3.08766318383393
"3161",1.62268355316911
"3162",4.70424245723245
"3163",1.62164550130883
"3164",1.57710451419691
"3165",9.2636855756256
"3166",4.06505774015655
"3167",5.0543357939083
"3168",1.9245762785809
"3169",9.64352384861218
"3170",4.84018128619604
"3171",8.1349366510902
"3172",3.17640170811853
"3173",1.56228523621277
"3174",1.9222349468522
"3175",1.74993049477729
"3176",1.98343938500528
"3177",1.93270055492972
"3178",1.52690150889714
"3179",2.73202951152377
"3180",2.71787427336152
"3181",2.32304725786691
"3182",2.06131089509199
"3183",1.95644705137804
"3184",7.8557301315853
"3185",1.85226452287415
"3186",1.26197743982254
"3187",1.59272159208732
"3188",4.17989615731941
"3189",4.80467982931619
"3190",1.85843335779178
"3191",1.54922654980687
"3192",1.87800848393186
"3193",3.92954743093208
"3194",1.67381105537979
"3195",2.97327198302517
"3196",1.31259269137936
"3197",1.97118610387907
"3198",6.86847455619699
"3199",1.94255064543128
"3200",1.82093212768245
"3201",1.58221636921095
"3202",2.63882294386177
"3203",3.18634010873349
"3204",1.91695482495402
"3205",5.53111404387229
"3206",2.00608647308642
"3207",1.05095808077857
"3208",1.69775277727226
"3209",2.6942549993654
"3210",1.9108742744564
"3211",5.88651475971138
"3212",4.45398350099121
"3213",1.94035489203733
"3214",1.71706470425275
"3215",1.7449879164275
"3216",0.992173224684799
"3217",4.27109290984069
"3218",2.02484876406389
"3219",7.83445287988591
"3220",2.03700986505913
"3221",0.912120689502726
"3222",4.01669743853768
"3223",1.65368154045657
"3224",3.36444821753275
"3225",1.89186560386375
"3226",3.05371233487358
"3227",3.86101201875898
"3228",1.78279628530184
"3229",1.72352629401357
"3230",1.88095721632798
"3231",1.23673952667116
"3232",2.30973579313347
"3233",4.87007060996269
"3234",1.17697452731926
"3235",6.20402690554358
"3236",1.60989332229864
"3237",1.740663403751
"3238",3.67968050328329
"3239",5.32807924111747
"3240",1.51648478816186
"3241",1.68918038396117
"3242",1.59238448121012
"3243",2.81300419571078
"3244",1.86822445301008
"3245",6.53387193936954
"3246",2.56755445866787
"3247",3.59451725245914
"3248",6.07598279589804
"3249",1.95147923734186
"3250",2.96756438735826
"3251",7.47539471029554
"3252",3.78486468201104
"3253",4.75948880137449
"3254",2.12797780181203
"3255",2.55990614607215
"3256",2.22628312814759
"3257",1.62466747455692
"3258",1.29057661833063
"3259",2.75599963869677
"3260",4.17371252858573
"3261",1.28821851246143
"3262",5.91595673617028
"3263",2.92260780700121
"3264",5.82047886960784
"3265",1.90097334848997
"3266",1.82733655077733
"3267",1.26733131347114
"3268",1.81250924240033
"3269",2.40836941451575
"3270",4.43393874126061
"3271",4.57536313211726
"3272",2.71580160775071
"3273",3.01658533286999
"3274",5.60985932890521
"3275",2.52439143338777
"3276",1.68352798352644
"3277",6.70933055997977
"3278",2.86153655400962
"3279",2.3737114339517
"3280",1.8901695849271
"3281",2.38651773161899
"3282",7.46190798786758
"3283",2.37280981001674
"3284",2.27486434318587
"3285",5.38444277177258
"3286",1.45641208197232
"3287",5.94001578528471
"3288",2.40923502584019
"3289",7.85026900059609
"3290",1.70148348518897
"3291",5.58456983352052
"3292",5.89169294783686
"3293",4.37092355309008
"3294",3.44981786951818
"3295",5.186366260567
"3296",3.0968427927395
"3297",8.49989537213498
"3298",7.08944003500561
"3299",2.06820054167433
"3300",1.90748910151278
"3301",1.64317849331906
"3302",3.40884708057922
"3303",1.68619146883462
"3304",1.35818198989189
"3305",3.62698939530081
"3306",2.03895226361096
"3307",2.45229494234374
"3308",2.64010141649133
"3309",2.08042475746269
"3310",1.80492674589116
"3311",2.13082131994648
"3312",7.43448898570034
"3313",1.4595291351644
"3314",3.26360262440258
"3315",2.11770860753413
"3316",3.11363346467219
"3317",1.97322068256187
"3318",9.43627955892651
"3319",2.90427530326462
"3320",5.26027610197545
"3321",1.03796798013841
"3322",2.02500716137838
"3323",9.67173084770633
"3324",2.00608647308642
"3325",5.75843677055682
"3326",1.25310093927401
"3327",5.25033872838298
"3328",2.30908223704347
"3329",1.68081374078459
"3330",2.45012899152188
"3331",0.981331318538147
"3332",2.04503281410858
"3333",1.69043212808478
"3334",1.74759704275661
"3335",1.76302129619544
"3336",1.90748910151278
"3337",1.64610225511768
"3338",1.8713969928859
"3339",5.52104308322517
"3340",2.82679734031209
"3341",7.11784367991258
"3342",2.08126728553069
"3343",2.31951104729347
"3344",7.22836354422833
"3345",1.6150821597355
"3346",1.61142124096402
"3347",1.94760995477131
"3348",3.7967542516585
"3349",4.05766024558176
"3350",4.90348715621618
"3351",1.78859305911092
"3352",1.53804825951048
"3353",1.57989349056111
"3354",1.96829198554304
"3355",1.54427903307284
"3356",2.27344967875941
"3357",2.03895226361096
"3358",4.08661192420588
"3359",2.08340173706031
"3360",2.52018306736019
"3361",2.0620827985012
"3362",2.13954001299206
"3363",2.01216702358404
"3364",5.11264166887916
"3365",1.4993957602928
"3366",2.94622133105446
"3367",1.97322068256187
"3368",1.86646216990905
"3369",1.38544413681081
"3370",2.03700986505913
"3371",2.22971896664033
"3372",2.01682581501443
"3373",1.55117835645471
"3374",1.60001481813867
"3375",1.78279628530184
"3376",2.11400142752084
"3377",5.82533625894552
"3378",1.80238473314428
"3379",2.98663492531735
"3380",2.39412295281692
"3381",5.74608621987543
"3382",1.75120068228165
"3383",4.14034640654039
"3384",4.02884702911472
"3385",1.98982096717466
"3386",1.80763912677693
"3387",1.63655632031303
"3388",2.03818891422771
"3389",3.19601093629168
"3390",2.95045020794846
"3391",4.74434855750611
"3392",1.39359933531988
"3393",5.71082011452887
"3394",2.59119472001329
"3395",2.33455324261322
"3396",1.85055446383988
"3397",4.40708099848323
"3398",0.80744276743147
"3399",3.45966041616277
"3400",1.40765382921316
"3401",5.02692392028995
"3402",5.2030370123034
"3403",3.24202438176107
"3404",2.97363871466055
"3405",1.69224287810222
"3406",1.62930745295288
"3407",3.20772477007989
"3408",2.69672486270795
"3409",5.97101537578445
"3410",5.45890196172329
"3411",6.1510936473301
"3412",1.58560154215457
"3413",1.74316014889006
"3414",2.45997773725916
"3415",1.92967866490243
"3416",1.176433645855
"3417",1.59643901282006
"3418",1.28686784938118
"3419",1.31942425579468
"3420",1.97702445390708
"3421",2.11665470560629
"3422",4.15009516055242
"3423",4.77644402844077
"3424",7.13262048280321
"3425",1.69778772239718
"3426",2.84255505263362
"3427",2.19073022861858
"3428",1.58521653877805
"3429",1.92754150302309
"3430",1.37291464187009
"3431",1.46132357492218
"3432",1.27801580312531
"3433",1.73968137048747
"3434",2.10274596938672
"3435",1.3755933776923
"3436",6.82587481124003
"3437",3.35461600643937
"3438",7.68231697186857
"3439",4.19172216673472
"3440",2.60524758162656
"3441",4.42870712459481
"3442",3.41229607645074
"3443",2.01824757408166
"3444",2.03721313923885
"3445",1.64162930656994
"3446",4.9101783926712
"3447",0.792157337968125
"3448",1.72818359459417
"3449",2.54516810398482
"3450",1.84175752046369
"3451",1.95717478446297
"3452",9.19390397041257
"3453",2.01463006162048
"3454",1.72922580524799
"3455",5.88651475971138
"3456",5.31263555434671
"3457",3.45447942313446
"3458",9.8560957097933
"3459",1.93301809623725
"3460",1.76869278575476
"3461",0.977559739992085
"3462",5.44072549060309
"3463",1.91967121783259
"3464",3.70791999368833
"3465",1.12242042847982
"3466",5.39596562481343
"3467",1.48169761441004
"3468",2.48757108529267
"3469",2.00608647308642
"3470",3.09172811325892
"3471",1.95859654353019
"3472",1.92107648485375
"3473",4.9688090693959
"3474",3.30772603559001
"3475",4.54123590434997
"3476",1.84514269340731
"3477",2.33500948258535
"3478",2.09239109513042
"3479",5.43102786587643
"3480",3.31867625934402
"3481",2.20950937679698
"3482",6.33051977633645
"3483",2.29054720361442
"3484",1.98538178355711
"3485",3.05192605121521
"3486",1.64351369893975
"3487",1.66707660974877
"3488",1.93737972536849
"3489",1.17603215043242
"3490",4.22439804352585
"3491",2.48036119590421
"3492",3.48941031982114
"3493",2.60530142679394
"3494",1.95497903106901
"3495",2.8281597039199
"3496",1.92071477372531
"3497",5.72218580708866
"3498",3.01005945965832
"3499",4.15828230323245
"3500",3.56891088548937
"3501",4.11007299620957
"3502",2.05328005266231
"3503",3.34790476887868
"3504",3.46523363572016
"3505",2.05428599442658
"3506",2.07466609554846
"3507",2.06780248168914
"3508",1.33381653530032
"3509",2.14731390130422
"3510",2.07131125600778
"3511",2.20074840625368
"3512",1.69705619861935
"3513",4.18268118515686
"3514",1.39915227132822
"3515",2.07181805413551
"3516",4.7261816341955
"3517",1.40837694601737
"3518",3.90556186471396
"3519",3.62319990697267
"3520",8.64630058404654
"3521",2.49963870460479
"3522",1.40252950453843
"3523",3.64462636895674
"3524",1.30120266449508
"3525",1.77528417621307
"3526",3.04967495851728
"3527",2.70322803972041
"3528",5.0357754744603
"3529",2.59824169958536
"3530",1.67847597720309
"3531",1.51638480862344
"3532",6.39183195568717
"3533",1.46895991348071
"3534",1.54856265455932
"3535",1.81984232724073
"3536",2.1318002182355
"3537",1.81566207582638
"3538",4.63885734209129
"3539",1.79305516150409
"3540",2.35530898451045
"3541",1.89141739458094
"3542",3.06192440545127
"3543",3.1608856603251
"3544",4.1614376410746
"3545",1.64893619842128
"3546",5.64912107237973
"3547",2.09714062104685
"3548",1.75015485310101
"3549",2.12810492706792
"3550",1.09345977460009
"3551",1.84773133225134
"3552",1.94645645785951
"3553",9.51078706802722
"3554",1.37236090090839
"3555",1.65599191463405
"3556",1.6990483662149
"3557",4.5580270419791
"3558",5.35272678088826
"3559",2.02484876406389
"3560",1.5451474920596
"3561",2.6771536792271
"3562",2.4701775393928
"3563",5.7496037100611
"3564",2.73311598479842
"3565",1.31836397099534
"3566",2.11311697329927
"3567",2.83369580921587
"3568",3.88056903534981
"3569",4.36636071648934
"3570",1.76675038720293
"3571",1.95665414497836
"3572",1.07704046476328
"3573",2.46821861313153
"3574",1.9108742744564
"3575",1.80889172993915
"3576",1.96417728808137
"3577",1.79157131768382
"3578",2.13626903291655
"3579",2.57081723257144
"3580",1.80763912677693
"3581",1.81708835817211
"3582",2.66142843911479
"3583",5.85501482057166
"3584",1.95744206910545
"3585",1.74876209055219
"3586",1.73752319328357
"3587",3.56844782026007
"3588",0.892664372542954
"3589",1.84102447933004
"3590",2.30438147776174
"3591",3.70964279833553
"3592",2.56278755940172
"3593",2.3487079368561
"3594",2.55379660408603
"3595",5.50606393641335
"3596",4.60144092457527
"3597",5.5851251503118
"3598",5.17334470860952
"3599",1.73021112376772
"3600",6.41088262548263
"3601",2.05758290605404
"3602",2.95780376259343
"3603",2.09200120851056
"3604",6.37633793091269
"3605",1.64456277731642
"3606",2.55699362435672
"3607",3.61105842253515
"3608",3.49821539272835
"3609",1.74261842526145
"3610",2.08693841932446
"3611",2.82197626221079
"3612",1.40418541246372
"3613",1.23930069344507
"3614",1.60494688653272
"3615",2.4982440308191
"3616",1.55049016817949
"3617",3.73547270696865
"3618",1.81041235801604
"3619",1.99742300372278
"3620",1.99806105277513
"3621",4.8086737848853
"3622",2.06173498780019
"3623",3.40210461630986
"3624",1.71748742041681
"3625",5.33851111490357
"3626",5.30310135816802
"3627",3.31631691113979
"3628",1.84175752046369
"3629",0.88695460293567
"3630",2.26409975534061
"3631",1.72818943832748
"3632",6.00312104447616
"3633",1.00346815122234
"3634",3.88657369117986
"3635",5.3301422416135
"3636",1.37270558105823
"3637",2.48072256160635
"3638",3.55297075690437
"3639",1.86128928248939
"3640",9.54365285855177
"3641",1.69957603176206
"3642",1.74638100390229
"3643",3.84830801384447
"3644",1.39226278137895
"3645",2.00155862193331
"3646",6.23779833892925
"3647",2.02484876406389
"3648",7.83884813456473
"3649",2.67938186086509
"3650",3.06765718842162
"3651",2.63132548843971
"3652",3.20325785738337
"3653",1.46757309953841
"3654",6.7909837656775
"3655",3.67304645875972
"3656",7.37001417013487
"3657",1.99761889313334
"3658",1.91018461804339
"3659",1.9108742744564
"3660",1.77272058110621
"3661",6.9691486324943
"3662",1.80950575926271
"3663",4.0420097663812
"3664",1.81693569431316
"3665",1.5241053461191
"3666",1.25421229779553
"3667",1.81139153028706
"3668",3.61894660193332
"3669",1.4903744585929
"3670",2.00608647308642
"3671",7.67294919644667
"3672",1.40620660727451
"3673",2.18439180000033
"3674",1.69931186247005
"3675",3.01467276624318
"3676",1.74024972718027
"3677",3.62353243153635
"3678",2.95122353278919
"3679",2.0811356369963
"3680",1.07699034180332
"3681",5.68830467498212
"3682",3.21239670652415
"3683",2.10934263609045
"3684",2.24517113474872
"3685",2.11479847812679
"3686",1.49854698334562
"3687",9.70459663823087
"3688",2.41001418658288
"3689",2.29174616550328
"3690",2.17835955169917
"3691",1.33518780253305
"3692",6.94781247539338
"3693",2.14207292649624
"3694",1.52836371958296
"3695",7.61543066032952
"3696",8.94140599718871
"3697",2.50544858617135
"3698",2.23441669703734
"3699",4.70804873965627
"3700",2.29346844339465
"3701",2.3940884128279
"3702",9.02681348264384
"3703",2.77430492614364
"3704",3.2630371511521
"3705",3.34723801605099
"3706",1.72128253185715
"3707",1.84514269340731
"3708",5.10384091856512
"3709",4.67391702662832
"3710",2.32934235596289
"3711",1.90011047253449
"3712",5.12521344514701
"3713",4.80385761782092
"3714",3.64620130524333
"3715",2.16754938116014
"3716",4.37803888195145
"3717",5.22936755890488
"3718",3.42237186246942
"3719",1.97275877816656
"3720",6.81641490545926
"3721",1.93338831336888
"3722",2.91148152121491
"3723",1.73371544077338
"3724",1.89479146177086
"3725",1.97004676499182
"3726",3.14697960481718
"3727",1.616483367049
"3728",2.02394312120277
"3729",1.52901225766836
"3730",3.3973996081435
"3731",1.34313268303829
"3732",5.19883782852476
"3733",2.21968330426859
"3734",2.35877899301421
"3735",1.42110343362684
"3736",2.89799258424736
"3737",1.72831670447152
"3738",2.66598479696259
"3739",1.97322068256187
"3740",1.26246860279721
"3741",1.98126464693589
"3742",2.89908429674116
"3743",1.97322068256187
"3744",2.52935752211626
"3745",6.16147640053795
"3746",2.21107093009593
"3747",3.20741206697199
"3748",2.54985223709762
"3749",4.01358686275647
"3750",1.95548336158545
"3751",2.09751503889004
"3752",2.12210528436331
"3753",2.61023753652217
"3754",1.80916610010583
"3755",1.30988028202283
"3756",1.62093115441163
"3757",3.68803388402281
"3758",2.01915321694278
"3759",2.21423330372036
"3760",1.75998392415802
"3761",3.52848803618565
"3762",0.993363417579361
"3763",2.56063684669423
"3764",1.83276903019677
"3765",1.74046477133605
"3766",4.66562062669718
"3767",9.76694304633635
"3768",4.35256572768347
"3769",1.67508562899786
"3770",5.79596135251176
"3771",1.94035489203733
"3772",1.90602226083128
"3773",1.75039517381242
"3774",2.4577111982777
"3775",2.49676782166738
"3776",2.0048549540682
"3777",4.86192951407862
"3778",1.52539915758626
"3779",2.04555345359319
"3780",5.11795356533608
"3781",1.92058833465741
"3782",2.167660878342
"3783",2.00608647308642
"3784",1.23202784628457
"3785",9.74623835680704
"3786",1.74993049477729
"3787",2.91251109998566
"3788",1.74514005481251
"3789",1.605377438234
"3790",1.11135081808898
"3791",3.7179287929341
"3792",5.45927948710104
"3793",2.0557721560366
"3794",1.70190923660244
"3795",1.88162414559209
"3796",1.74822043574302
"3797",2.31572783684263
"3798",2.17462862951554
"3799",1.09169254937922
"3800",1.96710259338636
"3801",1.14556515809586
"3802",1.48037226606647
"3803",3.04340096295133
"3804",5.02775729377866
"3805",3.12894572938256
"3806",2.33627866927205
"3807",2.16488710713942
"3808",3.46230649270515
"3809",1.82765402091662
"3810",4.47002020902044
"3811",2.05707982397865
"3812",2.03895226361096
"3813",1.50706963842885
"3814",2.01017323752806
"3815",3.11377511339478
"3816",1.49038934352455
"3817",1.67656079563558
"3818",1.12278509725694
"3819",2.97826248402334
"3820",1.52671448398763
"3821",2.05396140601916
"3822",3.01112032425831
"3823",1.43843783514418
"3824",5.46012052026715
"3825",1.69201476917734
"3826",1.7789613701553
"3827",1.48399762693438
"3828",6.79653983683788
"3829",1.55046128914084
"3830",1.11606368575663
"3831",2.01113980820837
"3832",5.58905501538949
"3833",1.86161924828938
"3834",5.35217743712384
"3835",2.85731924458913
"3836",9.86411865884276
"3837",4.92946584641004
"3838",2.21521642357796
"3839",4.76965212679482
"3840",1.42127258953184
"3841",3.33496974346566
"3842",1.38208071652169
"3843",2.07673908424607
"3844",1.0980056211808
"3845",1.83569798529063
"3846",5.40744377959393
"3847",5.91456863203735
"3848",2.17563103541304
"3849",3.44571229438841
"3850",2.5379940677674
"3851",7.66110442212342
"3852",2.10934263609045
"3853",1.370749152398
"3854",2.40244829970165
"3855",3.3630246657909
"3856",2.08800411162101
"3857",1.91395465538692
"3858",8.37758960843214
"3859",6.34954897207611
"3860",2.51923284304249
"3861",2.89042939301477
"3862",5.29536806674285
"3863",1.62002558200192
"3864",7.88283625253702
"3865",3.80171029176295
"3866",2.78446038057071
"3867",2.17366654388722
"3868",1.00448323960539
"3869",4.69789397159242
"3870",6.19688358366373
"3871",1.74990458435838
"3872",2.78362547409585
"3873",3.64067980677974
"3874",1.96960317010069
"3875",3.51530021304379
"3876",3.00889853194069
"3877",5.98567036267247
"3878",4.85524880341751
"3879",2.05294256770251
"3880",8.77096373951627
"3881",3.98775341388171
"3882",7.75244159736197
"3883",1.74654532183368
"3884",3.13415392474705
"3885",2.14874769436212
"3886",1.96245758421614
"3887",6.76085931133741
"3888",3.03159029124617
"3889",2.22103968839236
"3890",1.97324169788643
"3891",1.56049141603699
"3892",1.79961617772748
"3893",4.01451775153484
"3894",2.80268602335788
"3895",1.87656406444265
"3896",3.42469924261222
"3897",4.47390040966165
"3898",3.38722279705356
"3899",2.05965695314026
"3900",2.43856220652228
"3901",1.63898598168814
"3902",3.19061922848365
"3903",4.72847650865691
"3904",4.88380382642276
"3905",6.126377836354
"3906",1.51796966202221
"3907",4.74012272974057
"3908",2.10342326030399
"3909",1.79871053486636
"3910",4.44250489941811
"3911",6.81582271880303
"3912",6.52856839206288
"3913",1.27280749174156
"3914",1.92295591478342
"3915",2.63696562780818
"3916",2.82127756648057
"3917",1.33143626107818
"3918",2.6390137607757
"3919",1.09161586619326
"3920",1.94797245411492
"3921",4.50057596517082
"3922",3.83966463924097
"3923",6.25161394294496
"3924",2.19986112634249
"3925",3.12990770034379
"3926",1.14861325725176
"3927",1.84570858319748
"3928",1.4802338246937
"3929",1.9108742744564
"3930",1.78460703531928
"3931",5.87778857661425
"3932",1.98540261709528
"3933",3.5014017705311
"3934",1.48569235677919
"3935",0.926631633078881
"3936",2.03131342226838
"3937",1.92184595590198
"3938",3.6631170001899
"3939",4.48290171924457
"3940",2.85730160157121
"3941",2.84499143298312
"3942",2.90920740367305
"3943",3.59154726651614
"3944",1.72956335902723
"3945",2.14425759342419
"3946",2.69952589181075
"3947",1.9839801441448
"3948",6.61229331913046
"3949",4.96803576955716
"3950",1.89677077490933
"3951",2.8791478538033
"3952",1.50084038548552
"3953",2.47227185552644
"3954",2.38484117447468
"3955",1.99198297353934
"3956",1.51117165226172
"3957",3.15980703920046
"3958",2.02855594407717
"3959",7.07067221830331
"3960",1.04797440325752
"3961",2.38983190644597
"3962",1.52447279208639
"3963",3.21943201869954
"3964",2.62131376409201
"3965",5.87351868857685
"3966",1.18209799778479
"3967",3.42213494302334
"3968",1.87231293681075
"3969",2.44501511089536
"3970",7.76776907899699
"3971",1.87800848393186
"3972",2.24239298900878
"3973",7.14712765168068
"3974",2.56698440946265
"3975",2.9463089242424
"3976",1.08312890065189
"3977",2.64610807368724
"3978",5.58089141086843
"3979",7.94940044853559
"3980",2.05771455458843
"3981",1.93429535686427
"3982",9.81857112783836
"3983",5.98486893216002
"3984",4.71384725702672
"3985",2.01824757408166
"3986",5.98569037159389
"3987",1.41750080609731
"3988",2.26799342017056
"3989",1.80155857627931
"3990",2.02484876406389
"3991",4.40853117456255
"3992",4.03323329046109
"3993",5.09195753737915
"3994",4.6671525034464
"3995",4.798455472085
"3996",1.59741587015442
"3997",2.39692693473667
"3998",2.01809059590534
"3999",5.14573734350655
"4000",3.8817058445975
